title,company,location,link
Software Engineer (Backend),"beNX CO., LTD","Teheran-ro 108-gil, South Korea",https://stackoverflow.com/jobs/321209
Python Developer,Delivery Hero Korea,"Seoul, South Korea",https://stackoverflow.com/jobs/230647
암호화폐거래소 고팍스(GOPAX) 백엔드 엔지니어 모집,Streami Inc.,"Seoul, South Korea",https://stackoverflow.com/jobs/298077
[배달의민족부문] 검색서비스 개발자 모집,Woowa Brothers,"Sincheon-dong, South Korea",https://stackoverflow.com/jobs/277548
Backend Developer (Node.js),EJN Corp.,"Teheran-ro, South Korea",https://stackoverflow.com/jobs/331236
Backend Developer,RTPS ventures,"Kolkata, India",https://stackoverflow.com/jobs/341768
Senior Backend Engineer,eBay,"Sydney, Australia",https://stackoverflow.com/jobs/288748
Backend Java Software Engineer,PayPay Corporation.,"Chiyoda City, Japan",https://stackoverflow.com/jobs/291980
Software Engineer – Backend,Astrocuisine,"Hyderabad, India",https://stackoverflow.com/jobs/322750
Software Engineer - Backend,KRY / LIVI,"Stockholm, Sweden",https://stackoverflow.com/jobs/252119
Backend Developer,Ayoma Technology Pvt. Ltd,"Lucknow, India",https://stackoverflow.com/jobs/334889
Senior Backend Engineer,Dana Indonesia,"Mampang Prapatan, Indonesia",https://stackoverflow.com/jobs/247224
Backend Developer,Parkhya Solution Pvt Ltd,"Indore, India",https://stackoverflow.com/jobs/342449
Backend Developer,Mithi Software Technologies Pvt. Ltd.,"Pune, India",https://stackoverflow.com/jobs/327279
Backend Developer,NEAT Hong Kong,"Hong Kong Island, Hong Kong",https://stackoverflow.com/jobs/316563
Java Backend Developer,Urbis TravelGroup,"Palma, Spain",https://stackoverflow.com/jobs/316706
JAVA BACKEND DEVELOPER,ASCIRES,"Valencia, Spain",https://stackoverflow.com/jobs/313063
Software Engineer - Backend,Hyperia,"Denver, CO",https://stackoverflow.com/jobs/329130
Backend Engineer,Backbase,"Utrecht, Netherlands",https://stackoverflow.com/jobs/240507
Software Engineer – Senior Backend Developer,Avaloq,"Zürich, Switzerland",https://stackoverflow.com/jobs/339757
Backend Software Engineer,Amino Payments,"Philadelphia, PA",https://stackoverflow.com/jobs/308077
Backend Developer,Saffron Consultancy Services,"Bengaluru, India",https://stackoverflow.com/jobs/331433
Backend Developer,Dataphi Analytics Labs P Ltd.,"Bengaluru, India",https://stackoverflow.com/jobs/332420
Backend Developer,Kastech Software Solutions,"Pune, India",https://stackoverflow.com/jobs/335672
Backend Developer,JetSynthesys,"Pune, India",https://stackoverflow.com/jobs/327281
"Front End Software Engineer, TensorFlow",Google,서울,https://kr.indeed.com/%EC%B1%84%EC%9A%A9%EB%B3%B4%EA%B8%B0?jk=bb22e1b9b7683013
Undergrad Intern - Software Engineer,Intel,서울,https://kr.indeed.com/%EC%B1%84%EC%9A%A9%EB%B3%B4%EA%B8%B0?jk=330072f3730ee5a9
[Search & Clova] Clova 체험형 인턴,네이버,대한민국,https://kr.indeed.com/%EC%B1%84%EC%9A%A9%EB%B3%B4%EA%B8%B0?jk=b4b6ee0fd83b8ce1
각 부문 전문위원/전문원,경제·인문사회연구회,세종특별자치시,https://kr.indeed.com/%EC%B1%84%EC%9A%A9%EB%B3%B4%EA%B8%B0?jk=e089111375aa84e6
Undergrad Intern - Computer Vision/Machine Learning,Intel,서울,https://kr.indeed.com/%EC%B1%84%EC%9A%A9%EB%B3%B4%EA%B8%B0?jk=b2253ab4c8e59e33
ADAS System Test Engineer (신입/경력),Continental,대한민국,https://kr.indeed.com/%EC%B1%84%EC%9A%A9%EB%B3%B4%EA%B8%B0?jk=f7c4e5e920a3d17a
H/W application Engineer,Qualcomm,서울,https://kr.indeed.com/%EC%B1%84%EC%9A%A9%EB%B3%B4%EA%B8%B0?jk=bca18ecf2b70beb3
"[월간 카카오 12월] 데이터 사이언티스트, 데이터 플랫폼개발자",카카오,대한민국,https://kr.indeed.com/%EC%B1%84%EC%9A%A9%EB%B3%B4%EA%B8%B0?jk=31d3737189b11c13
(주)트윔 병역특례 전문연구요원 (전직자 가능),트윔,경기도 화성,https://kr.indeed.com/%EC%B1%84%EC%9A%A9%EB%B3%B4%EA%B8%B0?jk=8a6f03160870956b
"Computer Vision Engineer, Perception – Autonomous Vehicles",NVIDIA,서울,https://kr.indeed.com/%EC%B1%84%EC%9A%A9%EB%B3%B4%EA%B8%B0?jk=f775c2b405edea87
Associate Application Engineer OPC,Siemens AG,경기도 성남,https://kr.indeed.com/%EC%B1%84%EC%9A%A9%EB%B3%B4%EA%B8%B0?jk=0325380fce16f73b
자산운용본부/전략기획본부 인턴,브이아이피자산운용,대한민국,https://kr.indeed.com/%EC%B1%84%EC%9A%A9%EB%B3%B4%EA%B8%B0?jk=d1d0f9bfa7226166
RF S/W application engineer,Qualcomm,서울,https://kr.indeed.com/%EC%B1%84%EC%9A%A9%EB%B3%B4%EA%B8%B0?jk=fb79bc06a5a579ac
기술 인턴 인공지능 응용 연구/개발 인턴,써로마인드로보틱스,서울 관악구,https://kr.indeed.com/%EC%B1%84%EC%9A%A9%EB%B3%B4%EA%B8%B0?jk=71c47ac87bb4087e
"Partner Engineer, Google Assistant",Google,서울,https://kr.indeed.com/%EC%B1%84%EC%9A%A9%EB%B3%B4%EA%B8%B0?jk=c6398dbbd3c4f4d9
"자동화사업부 소프트웨어팀(open,C++,Python,영상, 비젼)충원",엠코프,서울특별시,https://kr.indeed.com/%EC%B1%84%EC%9A%A9%EB%B3%B4%EA%B8%B0?jk=edf95f3c5486a068
Engineer for RF PA Module Test,Qualcomm,서울,https://kr.indeed.com/%EC%B1%84%EC%9A%A9%EB%B3%B4%EA%B8%B0?jk=f94c9548ff7a6d66
Data Scientist,Boston Consulting Group,서울,https://kr.indeed.com/%EC%B1%84%EC%9A%A9%EB%B3%B4%EA%B8%B0?jk=ce6747e77c861c46
Algorithm Application Engineer,Garrett Advancing Motion,경기도,https://kr.indeed.com/%EC%B1%84%EC%9A%A9%EB%B3%B4%EA%B8%B0?jk=8c47e8f334705d2e
12월 경력,LG CNS,서울,https://kr.indeed.com/%EC%B1%84%EC%9A%A9%EB%B3%B4%EA%B8%B0?jk=4708fe6513fba6bb
[Search & Clova] 네이버 웹검색 연구/개발 경력사원,네이버,대한민국,https://kr.indeed.com/%EC%B1%84%EC%9A%A9%EB%B3%B4%EA%B8%B0?jk=37127548f83bb7f7
[Search & Clova] Clova 신입 및 경력사원,네이버,대한민국,https://kr.indeed.com/%EC%B1%84%EC%9A%A9%EB%B3%B4%EA%B8%B0?jk=f3db6cf2ca577cac
리서치분야 경력직,케이지제로인,대한민국,https://kr.indeed.com/%EC%B1%84%EC%9A%A9%EB%B3%B4%EA%B8%B0?jk=9ebdf72100457715
[Search & Clova] 파파고 Software Engineer 경력사원,네이버,대한민국,https://kr.indeed.com/%EC%B1%84%EC%9A%A9%EB%B3%B4%EA%B8%B0?jk=80f1a9fe40a6c290
SDET Engineer,Nielsen,서울,https://kr.indeed.com/%EC%B1%84%EC%9A%A9%EB%B3%B4%EA%B8%B0?jk=c46c1d3d5b3fb904
Application Backend Developer,BOEING,서울,https://kr.indeed.com/%EC%B1%84%EC%9A%A9%EB%B3%B4%EA%B8%B0?jk=a8ed60198075d112
Support Engineer,Microsoft,서울,https://kr.indeed.com/%EC%B1%84%EC%9A%A9%EB%B3%B4%EA%B8%B0?jk=0bbf23c0930be392
"Deep-learning research scientist for learning theory, knowledge transfer, and generative models",Qualcomm,서울,https://kr.indeed.com/%EC%B1%84%EC%9A%A9%EB%B3%B4%EA%B8%B0?jk=10c05e81d25374b0
"`20년 경력사원 채용(연구개발, 정보보안, 부동산 관리, 마케팅)",에스원,서울 서초동,https://kr.indeed.com/%EC%B1%84%EC%9A%A9%EB%B3%B4%EA%B8%B0?jk=875631127105449f
[관계사] 카카오페이 정보시스템 데이터 개발자,카카오,대한민국,https://kr.indeed.com/%EC%B1%84%EC%9A%A9%EB%B3%B4%EA%B8%B0?jk=c7303e1563aa050d
Big Data Analysis & Optimization Engineer,Intel,서울,https://kr.indeed.com/%EC%B1%84%EC%9A%A9%EB%B3%B4%EA%B8%B0?jk=05b55274a764683c
Data Analytics specialist,Sanofi,서울,https://kr.indeed.com/%EC%B1%84%EC%9A%A9%EB%B3%B4%EA%B8%B0?jk=6eefdf7d9fa7e6a3
[관계사] Ground X 블록체인 플랫폼 개발 - 주니어,Ground X,대한민국,https://kr.indeed.com/%EC%B1%84%EC%9A%A9%EB%B3%B4%EA%B8%B0?jk=fed56096e9448537
Process & Data Scientist,Applied Materials Inc.,대한민국,https://kr.indeed.com/%EC%B1%84%EC%9A%A9%EB%B3%B4%EA%B8%B0?jk=b87ff4aabad6e65e
[Search & Clova] NAVER Search 이미지 검색서버개발 신입/경력사원,네이버,대한민국,https://kr.indeed.com/%EC%B1%84%EC%9A%A9%EB%B3%B4%EA%B8%B0?jk=a771637c0eeffc26
Support Escalation Engineer - Azure Rapid Response,Microsoft,서울,https://kr.indeed.com/%EC%B1%84%EC%9A%A9%EB%B3%B4%EA%B8%B0?jk=a4af419773dcc025
[관계사] 카카오엔터프라이즈 솔루션딜리버리 서버 개발자,카카오엔터프라이즈,대한민국,https://kr.indeed.com/%EC%B1%84%EC%9A%A9%EB%B3%B4%EA%B8%B0?jk=83a9cf575207d925
[관계사] 카카오엔터프라이즈 데이터분석 빅 데이터 플랫폼 개발자,카카오엔터프라이즈,대한민국,https://kr.indeed.com/%EC%B1%84%EC%9A%A9%EB%B3%B4%EA%B8%B0?jk=7d7466adadc7b1b8
[관계사] 카카오모빌리티 보안엔지니어,카카오,대한민국,https://kr.indeed.com/%EC%B1%84%EC%9A%A9%EB%B3%B4%EA%B8%B0?jk=efa813baa92336d6
추천 시스템 연구/개발,카카오,성남 판교역,https://kr.indeed.com/%EC%B1%84%EC%9A%A9%EB%B3%B4%EA%B8%B0?jk=be6c1f03fa566f8e
Lead Application Engineer,ANSYS,서울,https://kr.indeed.com/%EC%B1%84%EC%9A%A9%EB%B3%B4%EA%B8%B0?jk=6f15637e25d5cd7a
Analytics Executive,Jellyfish UK,서울,https://kr.indeed.com/%EC%B1%84%EC%9A%A9%EB%B3%B4%EA%B8%B0?jk=879cbbb8ff2908de
Data Scientist,Supercell,서울,https://kr.indeed.com/%EC%B1%84%EC%9A%A9%EB%B3%B4%EA%B8%B0?jk=554c2e55cc985488
[Search&Clova] 음성인식 기술 개발자,네이버,대한민국,https://kr.indeed.com/%EC%B1%84%EC%9A%A9%EB%B3%B4%EA%B8%B0?jk=adc6c1b0c42cee42
Staff Engineer for RF PA Module Test,Qualcomm,서울,https://kr.indeed.com/%EC%B1%84%EC%9A%A9%EB%B3%B4%EA%B8%B0?jk=2ee36692349dce88
[신입/경력] Python 개발자 - 인천 청라,인피닉,인천 중구,https://kr.indeed.com/%EC%B1%84%EC%9A%A9%EB%B3%B4%EA%B8%B0?jk=ce7fd95d9ce72a62
Data Analyst,Axiologic Solutions,서울,https://kr.indeed.com/%EC%B1%84%EC%9A%A9%EB%B3%B4%EA%B8%B0?jk=eb45c08f4c4a43d8
Developer / Designer recruit,마이뮤직테이스트,서울 논현동,https://kr.indeed.com/%EC%B1%84%EC%9A%A9%EB%B3%B4%EA%B8%B0?jk=55a19c92c845685e
[Search&Clova] Clova 머신러닝 Scientist 개발 신입/경력사원,네이버,대한민국,https://kr.indeed.com/%EC%B1%84%EC%9A%A9%EB%B3%B4%EA%B8%B0?jk=257110e5aec08f6d
계약직 전문원,경제·인문사회연구회,서울 서초구,https://kr.indeed.com/%EC%B1%84%EC%9A%A9%EB%B3%B4%EA%B8%B0?jk=5a55d3b5b6c8e1b6
빅데이터 플랫폼 및 BI시스템 구축 그룹 IT계열사 new,그룹 IT계열사,서울특별시,https://kr.indeed.com/%EC%B1%84%EC%9A%A9%EB%B3%B4%EA%B8%B0?jk=c1936b77c8be4bcf
Engineer for RF PA Module Test,Qualcomm,서울,https://kr.indeed.com/%EC%B1%84%EC%9A%A9%EB%B3%B4%EA%B8%B0?jk=f94c9548ff7a6d66
추천 통계분석/데이터사이언티스트,Ground X,성남 판교역,https://kr.indeed.com/%EC%B1%84%EC%9A%A9%EB%B3%B4%EA%B8%B0?jk=bfe0f5ac4f32ec89
BI 운영 그룹 주력계열사,그룹 주력계열사,서울특별시,https://kr.indeed.com/%EC%B1%84%EC%9A%A9%EB%B3%B4%EA%B8%B0?jk=e5098c47e3662580
"Partner Engineer, Google Assistant",Google,서울,https://kr.indeed.com/%EC%B1%84%EC%9A%A9%EB%B3%B4%EA%B8%B0?jk=c6398dbbd3c4f4d9
[판교]기술지원,NHN Service] [판교,경기도,https://kr.indeed.com/%EC%B1%84%EC%9A%A9%EB%B3%B4%EA%B8%B0?jk=466ed639df372448
[관계사] 카카오엔터프라이즈 솔루션딜리버리 서버 개발자,카카오엔터프라이즈,대한민국,https://kr.indeed.com/%EC%B1%84%EC%9A%A9%EB%B3%B4%EA%B8%B0?jk=83a9cf575207d925
[관계사] 카카오엔터프라이즈 데이터분석 빅 데이터 플랫폼 개발자,카카오엔터프라이즈,대한민국,https://kr.indeed.com/%EC%B1%84%EC%9A%A9%EB%B3%B4%EA%B8%B0?jk=7d7466adadc7b1b8
[관계사] 카카오페이 데이터 기반 서비스 개발 담당자,카카오,대한민국,https://kr.indeed.com/%EC%B1%84%EC%9A%A9%EB%B3%B4%EA%B8%B0?jk=58750cc2774e11e5
"[관계사] 카카오페이 빅데이터, 하둡(Hadoop) 플랫폼 운영 엔지니어",카카오,대한민국,https://kr.indeed.com/%EC%B1%84%EC%9A%A9%EB%B3%B4%EA%B8%B0?jk=3969bc31caaa7a19
[동영상플랫폼] 연계형 인턴십,네이버,대한민국,https://kr.indeed.com/%EC%B1%84%EC%9A%A9%EB%B3%B4%EA%B8%B0?jk=e65a195da656bcdc
"데이터 가치 함께 발굴하실 머신러닝, 통계 모델링 전문가",카카오,성남 판교역,https://kr.indeed.com/%EC%B1%84%EC%9A%A9%EB%B3%B4%EA%B8%B0?jk=d1e75364ef505c68
Associate Solutions Engineer (Full Time) - Korea,Cisco Careers,서울,https://kr.indeed.com/%EC%B1%84%EC%9A%A9%EB%B3%B4%EA%B8%B0?jk=ecc3d4649fcbafab
네이버 UGC어뷰징 백엔드 개발자,네이버,대한민국,https://kr.indeed.com/%EC%B1%84%EC%9A%A9%EB%B3%B4%EA%B8%B0?jk=8f869aed65026ced
Support Escalation Engineer - Azure Rapid Response,Microsoft,서울,https://kr.indeed.com/%EC%B1%84%EC%9A%A9%EB%B3%B4%EA%B8%B0?jk=a4af419773dcc025
계약직 전문위원,경제·인문사회연구회,서울 서초구,https://kr.indeed.com/%EC%B1%84%EC%9A%A9%EB%B3%B4%EA%B8%B0?jk=5ee95e1e8676976e
Developer Relations Manager,NVIDIA,서울,https://kr.indeed.com/%EC%B1%84%EC%9A%A9%EB%B3%B4%EA%B8%B0?jk=073b7071c036dba2
[관계사] 카카오엔터프라이즈 검색플랫폼 빅데이터 분석 및 AI 개발자,카카오엔터프라이즈,대한민국,https://kr.indeed.com/%EC%B1%84%EC%9A%A9%EB%B3%B4%EA%B8%B0?jk=5a1e5f692cb9bd82
"[데이터 분석 스타트업] UI/UX개발/고객행동분석 (Python, GA, Database)",온누리아이코리아,서울 금천구,https://kr.indeed.com/%EC%B1%84%EC%9A%A9%EB%B3%B4%EA%B8%B0?jk=abeb2f106393ad76
[경력] 빅데이터 및 데이터분석 컨설팅 - Digital 본부,삼정 KPMG,서울 강남구,https://kr.indeed.com/%EC%B1%84%EC%9A%A9%EB%B3%B4%EA%B8%B0?jk=e4526d75d18b3635
[관계사] 카카오엔터프라이즈 AI기술 음성처리기술 개발자,카카오엔터프라이즈,대한민국,https://kr.indeed.com/%EC%B1%84%EC%9A%A9%EB%B3%B4%EA%B8%B0?jk=05132839beae0883
[관계사] 카카오페이 데이터 사이언티스트(Data Scientist),카카오페이,대한민국,https://kr.indeed.com/%EC%B1%84%EC%9A%A9%EB%B3%B4%EA%B8%B0?jk=25351f9ce2b78194
RF Production Test Engineer,Qualcomm,서울,https://kr.indeed.com/%EC%B1%84%EC%9A%A9%EB%B3%B4%EA%B8%B0?jk=9501d92030085af2
Data Analyst,Axiologic Solutions,서울,https://kr.indeed.com/%EC%B1%84%EC%9A%A9%EB%B3%B4%EA%B8%B0?jk=eb45c08f4c4a43d8
Healthcare Real World Data Analyst 담당자,IQVIA,서울,https://kr.indeed.com/%EC%B1%84%EC%9A%A9%EB%B3%B4%EA%B8%B0?jk=a39853230d5ceca8
광고팀 - 분석가,Nexon,성남 분당구,https://kr.indeed.com/%EC%B1%84%EC%9A%A9%EB%B3%B4%EA%B8%B0?jk=3a08c7089343733d
SDET Engineer,Nielsen,서울,https://kr.indeed.com/%EC%B1%84%EC%9A%A9%EB%B3%B4%EA%B8%B0?jk=c46c1d3d5b3fb904
[Search&Clova] Clova 음성인식 기술 개발 경력사원,네이버,대한민국,https://kr.indeed.com/%EC%B1%84%EC%9A%A9%EB%B3%B4%EA%B8%B0?jk=1533d08015a46cfc
[관계사] 카카오모빌리티 DevOps엔지니어,카카오,대한민국,https://kr.indeed.com/%EC%B1%84%EC%9A%A9%EB%B3%B4%EA%B8%B0?jk=3429314fff887dea
AI팀(액티브 퀀트/인덱스 펀드) 사원·대리급,이스트스프링자산운용,대한민국,https://kr.indeed.com/%EC%B1%84%EC%9A%A9%EB%B3%B4%EA%B8%B0?jk=7bf30c81a0e59d82
정답형 검색 서비스 개발자,네이버,대한민국,https://kr.indeed.com/%EC%B1%84%EC%9A%A9%EB%B3%B4%EA%B8%B0?jk=0de9da46737b4c75
마케팅(전략기획)신입~경력,비스퀘어,부산 해운대구,https://kr.indeed.com/%EC%B1%84%EC%9A%A9%EB%B3%B4%EA%B8%B0?jk=30279163f8f6cba7
SW Application Engineer,Intel,서울,https://kr.indeed.com/%EC%B1%84%EC%9A%A9%EB%B3%B4%EA%B8%B0?jk=6efeca49db1417dc
Developer / Designer recruit,마이뮤직테이스트,서울 논현동,https://kr.indeed.com/%EC%B1%84%EC%9A%A9%EB%B3%B4%EA%B8%B0?jk=55a19c92c845685e
2019년 하반기 부문별 경력,알티캐스트,서울 서초구,https://kr.indeed.com/%EC%B1%84%EC%9A%A9%EB%B3%B4%EA%B8%B0?jk=145eb73a0a3d2141
"Front End Software Engineer, TensorFlow",Google,서울,https://kr.indeed.com/%EC%B1%84%EC%9A%A9%EB%B3%B4%EA%B8%B0?jk=bb22e1b9b7683013
EQUITY본부 경력직,KB증권,대한민국,https://kr.indeed.com/%EC%B1%84%EC%9A%A9%EB%B3%B4%EA%B8%B0?jk=de6034fa3ef850c8
데이터 분석 및 모델링 (페이코 쿠폰/광고 타겟팅),NHN,성남 판교역,https://kr.indeed.com/%EC%B1%84%EC%9A%A9%EB%B3%B4%EA%B8%B0?jk=4e17fe419583b40b
[관계사] Ground X Tech Support Engineer / Site Reliability Engineer,카카오,대한민국,https://kr.indeed.com/%EC%B1%84%EC%9A%A9%EB%B3%B4%EA%B8%B0?jk=61fa73c450700bf3
[라프텔] 마케팅 담당자,리디,서울,https://kr.indeed.com/%EC%B1%84%EC%9A%A9%EB%B3%B4%EA%B8%B0?jk=00af8f1bc324ef8d
[보안]보안솔루션 운영 담당자(정규직),위메프,대한민국,https://kr.indeed.com/%EC%B1%84%EC%9A%A9%EB%B3%B4%EA%B8%B0?jk=84fd4c2127309eea
리서치센터 RA,신한금융투자,대한민국,https://kr.indeed.com/%EC%B1%84%EC%9A%A9%EB%B3%B4%EA%B8%B0?jk=5f7da090abe24e91
데이터연동개발팀 - 데이터엔지니어,Nexon,성남 분당구,https://kr.indeed.com/%EC%B1%84%EC%9A%A9%EB%B3%B4%EA%B8%B0?jk=83afcd111984f51c
키친엑스에서 자동화 기계관련 일 함께할 인재 하고 있습니다.,키친엑스,서울 용산구,https://kr.indeed.com/%EC%B1%84%EC%9A%A9%EB%B3%B4%EA%B8%B0?jk=0eb67a446a37b284
Hadoop Eco 관리 모듈 개발,현대오토에버,서울,https://kr.indeed.com/%EC%B1%84%EC%9A%A9%EB%B3%B4%EA%B8%B0?jk=c573c45404960f8f
Staff Engineer for RF PA Module Test,Qualcomm,서울,https://kr.indeed.com/%EC%B1%84%EC%9A%A9%EB%B3%B4%EA%B8%B0?jk=2ee36692349dce88
[Search & Clova] BigData and AI Platform S/W엔지니어 (경력/신입),네이버,대한민국,https://kr.indeed.com/%EC%B1%84%EC%9A%A9%EB%B3%B4%EA%B8%B0?jk=7d85150a375cfacf
[관계사] 카카오엔터프라이즈 클라우드 인프라 엔지니어,카카오엔터프라이즈,대한민국,https://kr.indeed.com/%EC%B1%84%EC%9A%A9%EB%B3%B4%EA%B8%B0?jk=7500f951e11753a3
[관계사] 카카오페이 개인 신용평가 모델 개발 분야 데이터 사이언티스트(Data Scientist),Ground X,대한민국,https://kr.indeed.com/%EC%B1%84%EC%9A%A9%EB%B3%B4%EA%B8%B0?jk=ca03dc30b7a2b901
룰루랩-삼성전자C-Lab기업 전문연구요원 (AI알고리즘),룰루랩,서울 강남구,https://kr.indeed.com/%EC%B1%84%EC%9A%A9%EB%B3%B4%EA%B8%B0?jk=81b66348f6e4a9db
[Search & Clova] 파파고 이미지 번역 연구/개발 경력사원,네이버,대한민국,https://kr.indeed.com/%EC%B1%84%EC%9A%A9%EB%B3%B4%EA%B8%B0?jk=efa90b57800ac678
"프로그래머 _딥러닝,텐서플로우,어플리케이션,웹프로그램,응용프로그램",웹플래너,서울 용산구,https://kr.indeed.com/%EC%B1%84%EC%9A%A9%EB%B3%B4%EA%B8%B0?jk=3b329915cfdac5dc
[관계사] 카카오엔터프라이즈 클라우드플랫폼 클라우드 개발자,카카오,대한민국,https://kr.indeed.com/%EC%B1%84%EC%9A%A9%EB%B3%B4%EA%B8%B0?jk=f5ab31e598248aa8
[관계사] 카카오엔터프라이즈 데이터분석 웹 프론트 개발자,카카오,대한민국,https://kr.indeed.com/%EC%B1%84%EC%9A%A9%EB%B3%B4%EA%B8%B0?jk=f1925785ec3c5385
2019 Military Service Exemption Position Available at the IBS CMCM (Synthetic Organic/Polymer Chemistry OR Theoretical Study of Carbon and Related Materials),울산과학기술원,울산 언양읍,https://kr.indeed.com/%EC%B1%84%EC%9A%A9%EB%B3%B4%EA%B8%B0?jk=8becbf73bbda7c96
Data Analyst - SOCKOR,Barbaricum,서울,https://kr.indeed.com/%EC%B1%84%EC%9A%A9%EB%B3%B4%EA%B8%B0?jk=860a3733156e6821
메시지발송 플랫폼 개발자,Nexon,성남 분당구,https://kr.indeed.com/%EC%B1%84%EC%9A%A9%EB%B3%B4%EA%B8%B0?jk=eaee1538d8cc832f
[관계사] 카카오페이 개인 신용평가 모델 개발 분야 데이터 사이언티스트(Data Scientist),Ground X,대한민국,https://kr.indeed.com/%EC%B1%84%EC%9A%A9%EB%B3%B4%EA%B8%B0?jk=ca03dc30b7a2b901
[개발]신사업 프론트 개발자(정규직),위메프,대한민국,https://kr.indeed.com/%EC%B1%84%EC%9A%A9%EB%B3%B4%EA%B8%B0?jk=4a15477d2c1a28a0
각 부문별 신입/경력직원 인재,펀드온라인코리아,대한민국,https://kr.indeed.com/%EC%B1%84%EC%9A%A9%EB%B3%B4%EA%B8%B0?jk=7a730622208e64b8
Client Technical Specialist,IBM,서울,https://kr.indeed.com/%EC%B1%84%EC%9A%A9%EB%B3%B4%EA%B8%B0?jk=320cf19178f2f20d
솔루션 프론트엔드 개발자,Nexon,성남 분당구,https://kr.indeed.com/%EC%B1%84%EC%9A%A9%EB%B3%B4%EA%B8%B0?jk=273d830a0c62aedd
데스크탑 가상화(VDI) 엔지니어,카카오모빌리티,성남 판교역,https://kr.indeed.com/%EC%B1%84%EC%9A%A9%EB%B3%B4%EA%B8%B0?jk=530a598184580c95
Cloud Support Engineer- Big Data,Amazon Web Services Korea LLC,서울,https://kr.indeed.com/%EC%B1%84%EC%9A%A9%EB%B3%B4%EA%B8%B0?jk=2fde1290ada705ac
니트머스 광고 솔루션 개발(Python),니트머스,서울 명동,https://kr.indeed.com/%EC%B1%84%EC%9A%A9%EB%B3%B4%EA%B8%B0?jk=433026a91ad88cf1
경력 및 신입직원,KIS채권평가,대한민국,https://kr.indeed.com/%EC%B1%84%EC%9A%A9%EB%B3%B4%EA%B8%B0?jk=557b3d9aae378005
Strategic Data Analytics Manager,JTI,서울,https://kr.indeed.com/%EC%B1%84%EC%9A%A9%EB%B3%B4%EA%B8%B0?jk=222f311b3b75b965
"Sales Engineer (Pre-Sales), Korea",Recorded Future,서울,https://kr.indeed.com/%EC%B1%84%EC%9A%A9%EB%B3%B4%EA%B8%B0?jk=1a0fc032fa7d6866
카카오톡 보이스톡/페이스톡/라이브톡 개발자,카카오,성남 판교역,https://kr.indeed.com/%EC%B1%84%EC%9A%A9%EB%B3%B4%EA%B8%B0?jk=d585814d097935eb
Python 웹개발 경력무관 - 정규직,페이스테그,서울 금천구,https://kr.indeed.com/%EC%B1%84%EC%9A%A9%EB%B3%B4%EA%B8%B0?jk=38a804b7fb78aac3
IT부문 경력직,하나펀드서비스,대한민국,https://kr.indeed.com/%EC%B1%84%EC%9A%A9%EB%B3%B4%EA%B8%B0?jk=4edbdaebae7b2b60
[라프텔] 서버(백엔드) 개발자,리디,서울,https://kr.indeed.com/%EC%B1%84%EC%9A%A9%EB%B3%B4%EA%B8%B0?jk=7e4b3808d3befc37
"[관계사] 카카오페이 빅데이터, 하둡(Hadoop) 플랫폼 운영 엔지니어",카카오,대한민국,https://kr.indeed.com/%EC%B1%84%EC%9A%A9%EB%B3%B4%EA%B8%B0?jk=3969bc31caaa7a19
[판교]기술지원,NHN Service] [판교,경기도,https://kr.indeed.com/%EC%B1%84%EC%9A%A9%EB%B3%B4%EA%B8%B0?jk=466ed639df372448
[Search & Clova] AI 응용 제품/서비스 개발 경력사원 (Backend_Engineer),네이버,대한민국,https://kr.indeed.com/%EC%B1%84%EC%9A%A9%EB%B3%B4%EA%B8%B0?jk=1988c9d5cb042a50
분석 플랫폼 웹 프론트 엔지니어,Nexon,성남 분당구,https://kr.indeed.com/%EC%B1%84%EC%9A%A9%EB%B3%B4%EA%B8%B0?jk=eeb027369cdab361
소프트웨어 개발 지원,에스티앤아이,울산 중구,https://kr.indeed.com/%EC%B1%84%EC%9A%A9%EB%B3%B4%EA%B8%B0?jk=68c14a5d14838034
리서치센터 RA,신한금융투자,대한민국,https://kr.indeed.com/%EC%B1%84%EC%9A%A9%EB%B3%B4%EA%B8%B0?jk=4de38c658c13f9e8
네이버 일본 맛집 서비스 CONOMI 머신러닝 개발자,네이버,대한민국,https://kr.indeed.com/%EC%B1%84%EC%9A%A9%EB%B3%B4%EA%B8%B0?jk=feac8a234b715106
Cloud Support Engineer - Linux,Amazon Web Services Korea LLC,서울,https://kr.indeed.com/%EC%B1%84%EC%9A%A9%EB%B3%B4%EA%B8%B0?jk=982c2a9c3f3caba3
AI (DL/ML) 개발,SSG.COM,서울,https://kr.indeed.com/%EC%B1%84%EC%9A%A9%EB%B3%B4%EA%B8%B0?jk=452391afe50179b1
[관계사] 카카오페이 데이터 기반 서비스 개발 담당자,카카오,대한민국,https://kr.indeed.com/%EC%B1%84%EC%9A%A9%EB%B3%B4%EA%B8%B0?jk=58750cc2774e11e5
데이터 분석가(팀장급),RIDI Corp,서울,https://kr.indeed.com/%EC%B1%84%EC%9A%A9%EB%B3%B4%EA%B8%B0?jk=35fbfe39465bd43a
8퍼센트 개발자 (신입/경력),8퍼센트,서울 종로구,https://kr.indeed.com/%EC%B1%84%EC%9A%A9%EB%B3%B4%EA%B8%B0?jk=8af26b37623864c4
Healthcare Real World Data Analyst 담당자,IQVIA,서울,https://kr.indeed.com/%EC%B1%84%EC%9A%A9%EB%B3%B4%EA%B8%B0?jk=a39853230d5ceca8
[동영상플랫폼] 연계형 인턴십,네이버,대한민국,https://kr.indeed.com/%EC%B1%84%EC%9A%A9%EB%B3%B4%EA%B8%B0?jk=e65a195da656bcdc
Cloud Support Engineer - Developer and Mobile Services,Amazon Web Services Korea LLC,서울,https://kr.indeed.com/%EC%B1%84%EC%9A%A9%EB%B3%B4%EA%B8%B0?jk=930a6a7d80e095bc
테크빌더팀 - 개발자 (백앤드),Nexon,성남 분당구,https://kr.indeed.com/%EC%B1%84%EC%9A%A9%EB%B3%B4%EA%B8%B0?jk=6d527590548dbcab
System Administrator 2-IT (Datacenter Engineer),Oracle,서울,https://kr.indeed.com/%EC%B1%84%EC%9A%A9%EB%B3%B4%EA%B8%B0?jk=55dd3a1ce1248639
로봇 기반 Vision 서비스 개발 그룹 IT인프라 구축,그룹 IT인프라 구축,서울특별시,https://kr.indeed.com/%EC%B1%84%EC%9A%A9%EB%B3%B4%EA%B8%B0?jk=6f3b8c137683ada9
이상탐지팀 - 서비스 개발자,Nexon,성남 분당구,https://kr.indeed.com/%EC%B1%84%EC%9A%A9%EB%B3%B4%EA%B8%B0?jk=e787fde04b998e1a
모바일 어플리케이션 백엔드 개발자,위아프렌즈,서울 노원구,https://kr.indeed.com/%EC%B1%84%EC%9A%A9%EB%B3%B4%EA%B8%B0?jk=bf2cc4de27465bc3
[Search & Clova]검색서비스 FE 개발 및 운영 경력사원,네이버,대한민국,https://kr.indeed.com/%EC%B1%84%EC%9A%A9%EB%B3%B4%EA%B8%B0?jk=5070ee3c1c449a1a
인프라 플랫폼 개발자,고도소프트,서울 구로구,https://kr.indeed.com/%EC%B1%84%EC%9A%A9%EB%B3%B4%EA%B8%B0?jk=2b1c5b35b97700fc
[관계사] 카카오엔터프라이즈 클라우드 인프라 엔지니어,카카오엔터프라이즈,대한민국,https://kr.indeed.com/%EC%B1%84%EC%9A%A9%EB%B3%B4%EA%B8%B0?jk=7500f951e11753a3
데이터 플랫폼 개발,NHN PAYCO,성남 판교역,https://kr.indeed.com/%EC%B1%84%EC%9A%A9%EB%B3%B4%EA%B8%B0?jk=a65baa1929f29393
머신러닝/딥러닝,NHN,성남 판교역,https://kr.indeed.com/%EC%B1%84%EC%9A%A9%EB%B3%B4%EA%B8%B0?jk=cd8ee27085e6a2ff
네트웍 자동화 시스템 개발,현대오토에버,서울,https://kr.indeed.com/%EC%B1%84%EC%9A%A9%EB%B3%B4%EA%B8%B0?jk=ce62a02c39383898
데이터 분석 모델 개발,현대오토에버,서울,https://kr.indeed.com/%EC%B1%84%EC%9A%A9%EB%B3%B4%EA%B8%B0?jk=c215879b997734c9
[카카오 클라우드] 클라우드 개발자(Monitoring as a Service),카카오페이,성남 판교역,https://kr.indeed.com/%EC%B1%84%EC%9A%A9%EB%B3%B4%EA%B8%B0?jk=6b65a5a35da64ed3
EQUITY본부 경력직,KB증권,대한민국,https://kr.indeed.com/%EC%B1%84%EC%9A%A9%EB%B3%B4%EA%B8%B0?jk=de6034fa3ef850c8
시스템엔지니어,Nexon,성남 분당구,https://kr.indeed.com/%EC%B1%84%EC%9A%A9%EB%B3%B4%EA%B8%B0?jk=d6802c2215aa9f6f
퍼즐데이터 역량있는 데이터 분석가,주식회사퍼즐데이터,서울 역삼동,https://kr.indeed.com/%EC%B1%84%EC%9A%A9%EB%B3%B4%EA%B8%B0?jk=116009dbf59211ed
AI팀(액티브 퀀트/인덱스 펀드) 사원·대리급,이스트스프링자산운용,대한민국,https://kr.indeed.com/%EC%B1%84%EC%9A%A9%EB%B3%B4%EA%B8%B0?jk=7bf30c81a0e59d82
MySQL Engineer,카카오페이,성남 판교역,https://kr.indeed.com/%EC%B1%84%EC%9A%A9%EB%B3%B4%EA%B8%B0?jk=dd06066d79860614
트레이딩본부 (신입),메리츠종합금융증권,대한민국,https://kr.indeed.com/%EC%B1%84%EC%9A%A9%EB%B3%B4%EA%B8%B0?jk=7c57fb8fc418e996
"Applications Engineer, Sr I",Synopsys,서울,https://kr.indeed.com/%EC%B1%84%EC%9A%A9%EB%B3%B4%EA%B8%B0?jk=3f5c12e67f5b979e
Support Engineer_Azure Networking,Microsoft,서울,https://kr.indeed.com/%EC%B1%84%EC%9A%A9%EB%B3%B4%EA%B8%B0?jk=25bbf0a06be8cf97
[관계사] 카카오페이 데이터 사이언티스트(Data Scientist),카카오페이,대한민국,https://kr.indeed.com/%EC%B1%84%EC%9A%A9%EB%B3%B4%EA%B8%B0?jk=25351f9ce2b78194
R&D 연구원 신입 정규직,스칼라웍스,서울 금천구,https://kr.indeed.com/%EC%B1%84%EC%9A%A9%EB%B3%B4%EA%B8%B0?jk=70f513e9782febab
"[데이터 분석 스타트업] UI/UX개발/고객행동분석 (Python, GA, Database)",온누리아이코리아,서울 금천구,https://kr.indeed.com/%EC%B1%84%EC%9A%A9%EB%B3%B4%EA%B8%B0?jk=abeb2f106393ad76
보안 솔루션 인공지능 개발자,피즐리소프트,서울 강남구,https://kr.indeed.com/%EC%B1%84%EC%9A%A9%EB%B3%B4%EA%B8%B0?jk=b989c114d8fce117
Product Test Engineer - GPU,NVIDIA,서울,https://kr.indeed.com/%EC%B1%84%EC%9A%A9%EB%B3%B4%EA%B8%B0?jk=48ca423ba9cc3be4
Hadoop Eco 관리 모듈 개발,현대오토에버,서울,https://kr.indeed.com/%EC%B1%84%EC%9A%A9%EB%B3%B4%EA%B8%B0?jk=c573c45404960f8f
Specialist Solutions Architect - Application Development,"Red Hat, Inc.",서울,https://kr.indeed.com/%EC%B1%84%EC%9A%A9%EB%B3%B4%EA%B8%B0?jk=64e343a4453f845e
[던전앤파이터(글로벌)] 게임 데이터 분석가,네오플,서울 강남구,https://kr.indeed.com/%EC%B1%84%EC%9A%A9%EB%B3%B4%EA%B8%B0?jk=4f09f889fa3cfd34
NXLog리포트팀 - 데이터분석가/리포트기획자,Nexon,성남 분당구,https://kr.indeed.com/%EC%B1%84%EC%9A%A9%EB%B3%B4%EA%B8%B0?jk=2e7356773e141079
2019년 하반기 부문별 경력,알티캐스트,서울 서초구,https://kr.indeed.com/%EC%B1%84%EC%9A%A9%EB%B3%B4%EA%B8%B0?jk=145eb73a0a3d2141
Associate Solutions Engineer (Full Time) - Korea,Cisco Careers,서울,https://kr.indeed.com/%EC%B1%84%EC%9A%A9%EB%B3%B4%EA%B8%B0?jk=ecc3d4649fcbafab
Data & AI Technical Specialist,IBM,서울,https://kr.indeed.com/%EC%B1%84%EC%9A%A9%EB%B3%B4%EA%B8%B0?jk=6164be253775cb7d
Manager,"CDNetworks Co.,Ltd.",서울,https://kr.indeed.com/%EC%B1%84%EC%9A%A9%EB%B3%B4%EA%B8%B0?jk=b24e1d2b40a3b349
Data Analyst,펍지,서울,https://kr.indeed.com/%EC%B1%84%EC%9A%A9%EB%B3%B4%EA%B8%B0?jk=34d33f23153d407a
데이터연동개발팀 - 데이터엔지니어,Nexon,성남 분당구,https://kr.indeed.com/%EC%B1%84%EC%9A%A9%EB%B3%B4%EA%B8%B0?jk=83afcd111984f51c
데이터 센터 운영/관리 시스템 인프라 관리 (신입/경력),줌인터넷,서울 서초동,https://kr.indeed.com/%EC%B1%84%EC%9A%A9%EB%B3%B4%EA%B8%B0?jk=a20d649abed07546
추천 시스템 소프트웨어 엔지니어,카카오,성남 판교역,https://kr.indeed.com/%EC%B1%84%EC%9A%A9%EB%B3%B4%EA%B8%B0?jk=07375dc4e800dfa9
[관계사] 카카오엔터프라이즈 AI검색플랫폼 머신러닝 개발자,카카오엔터프라이즈,대한민국,https://kr.indeed.com/%EC%B1%84%EC%9A%A9%EB%B3%B4%EA%B8%B0?jk=4b32383cefd20455
[관계사] 카카오엔터프라이즈 AI 소프트웨어 백엔드 개발자,카카오엔터프라이즈,대한민국,https://kr.indeed.com/%EC%B1%84%EC%9A%A9%EB%B3%B4%EA%B8%B0?jk=18780eb3b788a924
Support Engineer_Developer Support,Microsoft,서울,https://kr.indeed.com/%EC%B1%84%EC%9A%A9%EB%B3%B4%EA%B8%B0?jk=75ccb9bb9c3049c7
[기술기획/인사] 사내시스템 개발자,카카오뱅크,경기도 성남,https://kr.indeed.com/%EC%B1%84%EC%9A%A9%EB%B3%B4%EA%B8%B0?jk=ccd056d7d170f295
데이터 분석 및 모델링 (페이코 쿠폰/광고 타겟팅),NHN,성남 판교역,https://kr.indeed.com/%EC%B1%84%EC%9A%A9%EB%B3%B4%EA%B8%B0?jk=4e17fe419583b40b
테크빌더팀 - 개발자 (프론트앤드),Nexon,성남 분당구,https://kr.indeed.com/%EC%B1%84%EC%9A%A9%EB%B3%B4%EA%B8%B0?jk=ddbea73728157cac
그라폴리오 서비스 개발자,네이버,대한민국,https://kr.indeed.com/%EC%B1%84%EC%9A%A9%EB%B3%B4%EA%B8%B0?jk=16af9c6f1bfd3844
빅데이터 플랫폼 및 BI시스템 구축 그룹 IT계열사 new,그룹 IT계열사,서울특별시,https://kr.indeed.com/%EC%B1%84%EC%9A%A9%EB%B3%B4%EA%B8%B0?jk=c1936b77c8be4bcf
[해외취업] 게임 개발자 / 사원 40%가 외국국적 글로벌 근무환경,엘트리,대한민국,https://kr.indeed.com/%EC%B1%84%EC%9A%A9%EB%B3%B4%EA%B8%B0?jk=3ffc7a22768918e4
[경력]게임 서버 개발 담당자,트리노드,서울 강남구,https://kr.indeed.com/%EC%B1%84%EC%9A%A9%EB%B3%B4%EA%B8%B0?jk=8e1c79cf2693adc7
[멜론] 빅데이터 서비스 개발자,dk techin,성남 판교역,https://kr.indeed.com/%EC%B1%84%EC%9A%A9%EB%B3%B4%EA%B8%B0?jk=3e2a310c9dd0f693
Global Payment 데이터 분석,라인비즈플러스,성남 분당구,https://kr.indeed.com/%EC%B1%84%EC%9A%A9%EB%B3%B4%EA%B8%B0?jk=5c6f1cc7c8b00652
개발직군 경력사원 채용,시큐아이,서울 회현동,https://kr.indeed.com/%EC%B1%84%EC%9A%A9%EB%B3%B4%EA%B8%B0?jk=0bb6408136fbfb4e
[Search&Clova] Clova 음성인식 기술 개발 경력사원,네이버,대한민국,https://kr.indeed.com/%EC%B1%84%EC%9A%A9%EB%B3%B4%EA%B8%B0?jk=1533d08015a46cfc
네트워크 자동화 개발자,Nexon,성남 분당구,https://kr.indeed.com/%EC%B1%84%EC%9A%A9%EB%B3%B4%EA%B8%B0?jk=5ff17b27cd83a1c0
BI 운영 그룹 주력계열사,그룹 주력계열사,서울특별시,https://kr.indeed.com/%EC%B1%84%EC%9A%A9%EB%B3%B4%EA%B8%B0?jk=e5098c47e3662580
인프라 플랫폼 개발자,NHN godo,서울 구로구,https://kr.indeed.com/%EC%B1%84%EC%9A%A9%EB%B3%B4%EA%B8%B0?jk=c8a7c9c4022a3544
소프트웨어 엔지니어,Nexon,성남 분당구,https://kr.indeed.com/%EC%B1%84%EC%9A%A9%EB%B3%B4%EA%B8%B0?jk=d71794dc69947981
랩오투원 신입/경력 개발자,유한책임회사랩오투원,부산,https://kr.indeed.com/%EC%B1%84%EC%9A%A9%EB%B3%B4%EA%B8%B0?jk=750977c97eeed4d5
"데이터 가치 함께 발굴하실 머신러닝, 통계 모델링 전문가",카카오,성남 판교역,https://kr.indeed.com/%EC%B1%84%EC%9A%A9%EB%B3%B4%EA%B8%B0?jk=d1e75364ef505c68
"[해외취업] 일본 함께 활약하실 프로그래머,시스템엔지니어",スイングバイテクノロジー株式会社,대한민국,https://kr.indeed.com/%EC%B1%84%EC%9A%A9%EB%B3%B4%EA%B8%B0?jk=488d155cf12af099
룰루랩-삼성전자C-Lab기업 전문연구요원 (AI알고리즘),룰루랩,서울 강남구,https://kr.indeed.com/%EC%B1%84%EC%9A%A9%EB%B3%B4%EA%B8%B0?jk=81b66348f6e4a9db
[PUBG LITE] PC Analyst,펍지,서울,https://kr.indeed.com/%EC%B1%84%EC%9A%A9%EB%B3%B4%EA%B8%B0?jk=67601fff5f1ecbd9
Senior Technical Consultant,MathWorks,서울,https://kr.indeed.com/%EC%B1%84%EC%9A%A9%EB%B3%B4%EA%B8%B0?jk=22a5590c81649937
운용본부 알고리즘 개발,쿼터백자산운용,대한민국,https://kr.indeed.com/%EC%B1%84%EC%9A%A9%EB%B3%B4%EA%B8%B0?jk=e742b9139ca08058
챗봇 플랫폼 개발자,카카오,성남 판교역,https://kr.indeed.com/%EC%B1%84%EC%9A%A9%EB%B3%B4%EA%B8%B0?jk=20d40ee61adffeca
인프라 서비스 플랫폼 개발자,카카오,성남 판교역,https://kr.indeed.com/%EC%B1%84%EC%9A%A9%EB%B3%B4%EA%B8%B0?jk=b4e96a7dcac2f50a
모바일 앱 보안 솔루션 개발부문,스틸리언,서울 용산구,https://kr.indeed.com/%EC%B1%84%EC%9A%A9%EB%B3%B4%EA%B8%B0?jk=6718bba08ef6e20b
NXLog팀 - 소프트웨어 엔지니어,Nexon,성남 분당구,https://kr.indeed.com/%EC%B1%84%EC%9A%A9%EB%B3%B4%EA%B8%B0?jk=c13abffb44505877
이탈방지팀-서비스 개발자,Nexon,성남 분당구,https://kr.indeed.com/%EC%B1%84%EC%9A%A9%EB%B3%B4%EA%B8%B0?jk=691f61972f31c777
[라프텔] 마케팅 담당자,리디,서울,https://kr.indeed.com/%EC%B1%84%EC%9A%A9%EB%B3%B4%EA%B8%B0?jk=00af8f1bc324ef8d
Linux/Python/PHP/MySQL/백엔드 정규직 경력,일루미나리안,용인 보정동,https://kr.indeed.com/%EC%B1%84%EC%9A%A9%EB%B3%B4%EA%B8%B0?jk=04d685fc70b67d4e
"Solution Architect, Data Scientist - WWFO",NVIDIA,서울,https://kr.indeed.com/%EC%B1%84%EC%9A%A9%EB%B3%B4%EA%B8%B0?jk=475bfcb9fe2956fa
AI 기반 로봇 서비스 개발 그룹 IT 인프라 구축,그룹 IT 인프라 구축,서울특별시,https://kr.indeed.com/%EC%B1%84%EC%9A%A9%EB%B3%B4%EA%B8%B0?jk=d9086035792f01d0
"[해외취업] / 사무라이테크놀로지 시스템 엔지니어 프로그래머 정규직,계약직",이노리버,대한민국,https://kr.indeed.com/%EC%B1%84%EC%9A%A9%EB%B3%B4%EA%B8%B0?jk=c14759611c34e60b
"Python/Java,Spark 기반 개발 및 웹개발자 (경력/신입) 정규직",아이티존,대전 유성구,https://kr.indeed.com/%EC%B1%84%EC%9A%A9%EB%B3%B4%EA%B8%B0?jk=7e759712f25537da
Account Solutions Architect - Samsung,"Red Hat, Inc.",서울,https://kr.indeed.com/%EC%B1%84%EC%9A%A9%EB%B3%B4%EA%B8%B0?jk=ac3faf685473527b
"Manager, Data Science",Nielsen,서울,https://kr.indeed.com/%EC%B1%84%EC%9A%A9%EB%B3%B4%EA%B8%B0?jk=02ebc7cc45355385
[기술기획] 기술기획 개발자,카카오뱅크,경기도 성남,https://kr.indeed.com/%EC%B1%84%EC%9A%A9%EB%B3%B4%EA%B8%B0?jk=54014c3b0874e69d
리스크관리본부 리스크관리팀,이스트스프링자산운용,대한민국,https://kr.indeed.com/%EC%B1%84%EC%9A%A9%EB%B3%B4%EA%B8%B0?jk=7c1737fbadab9ad4
경영지원본부 정보기술팀 경력직,아이비케이자산운용,대한민국,https://kr.indeed.com/%EC%B1%84%EC%9A%A9%EB%B3%B4%EA%B8%B0?jk=05ada0ec7f259bfd
[펜타시큐리티] IT 웹보안제품 개발자,펜타시큐리티시스템,서울 영등포구,https://kr.indeed.com/%EC%B1%84%EC%9A%A9%EB%B3%B4%EA%B8%B0?jk=25454744384b8aa2
각 부문 수시,KIS채권평가,대한민국,https://kr.indeed.com/%EC%B1%84%EC%9A%A9%EB%B3%B4%EA%B8%B0?jk=ad3c7c22cfc0bc67
데이터 사이언스 전문가 및 머신러닝 전문가,카카오,성남 판교역,https://kr.indeed.com/%EC%B1%84%EC%9A%A9%EB%B3%B4%EA%B8%B0?jk=85929aac498299cc
각 부문별 수시,KIS채권평가,대한민국,https://kr.indeed.com/%EC%B1%84%EC%9A%A9%EB%B3%B4%EA%B8%B0?jk=1b51ad0d9ab48803
카카오톡 서버 개발자,카카오모빌리티,성남 판교역,https://kr.indeed.com/%EC%B1%84%EC%9A%A9%EB%B3%B4%EA%B8%B0?jk=21f720e55bab4c8d
카카오톡 신규 서비스 서버 개발자,카카오,성남 판교역,https://kr.indeed.com/%EC%B1%84%EC%9A%A9%EB%B3%B4%EA%B8%B0?jk=de210ffb5a9ee0c4
"R&D Engineer, Sr II",Synopsys,서울,https://kr.indeed.com/%EC%B1%84%EC%9A%A9%EB%B3%B4%EA%B8%B0?jk=97cd5ccd438dc126
매칭팀 - 데이터분석가,Nexon,성남 분당구,https://kr.indeed.com/%EC%B1%84%EC%9A%A9%EB%B3%B4%EA%B8%B0?jk=54a0b1ed3a827a58
주식 펀드매니저 (7/16 마감),현대인베스트먼트자산운용,대한민국,https://kr.indeed.com/%EC%B1%84%EC%9A%A9%EB%B3%B4%EA%B8%B0?jk=056544637aac9783
8퍼센트 경력 개발자,8퍼센트,서울 종로구,https://kr.indeed.com/%EC%B1%84%EC%9A%A9%EB%B3%B4%EA%B8%B0?jk=464ef95516a5fa5c
[FEG] 리버스 엔지니어,창운코리아,서울 구로구,https://kr.indeed.com/%EC%B1%84%EC%9A%A9%EB%B3%B4%EA%B8%B0?jk=5faf4a69ab8c86ca
데이터플랫폼실 - Software Engineer,Nexon,성남 분당구,https://kr.indeed.com/%EC%B1%84%EC%9A%A9%EB%B3%B4%EA%B8%B0?jk=6ecc8058c1538843
"[해외취업] 누리누비, 시스템개발자/응용프로그래머",에임하이글로벌,대한민국,https://kr.indeed.com/%EC%B1%84%EC%9A%A9%EB%B3%B4%EA%B8%B0?jk=af1108898d2635f1
웹 개발 경력(12년)직,비스퀘어,부산 해운대구,https://kr.indeed.com/%EC%B1%84%EC%9A%A9%EB%B3%B4%EA%B8%B0?jk=d33d4800a8505288
데이터 엔지니어,리디,서울특별시,https://kr.indeed.com/%EC%B1%84%EC%9A%A9%EB%B3%B4%EA%B8%B0?jk=acbc411113b81ae5
데이터 사이언티스트 / Data Scientist,Bagelcode,서울,https://kr.indeed.com/%EC%B1%84%EC%9A%A9%EB%B3%B4%EA%B8%B0?jk=d0ae3cf7638734ac
데이터 사이언티스트 지향하는 데이터 엔지니어,카카오 게임즈,성남 판교역,https://kr.indeed.com/%EC%B1%84%EC%9A%A9%EB%B3%B4%EA%B8%B0?jk=385c58c7ced1d77b
INDEX/QUANT운용본부 신입사원,교보악사자산운용,대한민국,https://kr.indeed.com/%EC%B1%84%EC%9A%A9%EB%B3%B4%EA%B8%B0?jk=22f37b921213afa9
사내 인증 개발자,Nexon,성남 분당구,https://kr.indeed.com/%EC%B1%84%EC%9A%A9%EB%B3%B4%EA%B8%B0?jk=45ddfc75e84619c0
[경력]서버 개발 담당자,선데이토즈,성남 분당구,https://kr.indeed.com/%EC%B1%84%EC%9A%A9%EB%B3%B4%EA%B8%B0?jk=b39044f681e9d472
퀀트운용팀 (사원-대리급),신한비엔피파리바자산운용,대한민국,https://kr.indeed.com/%EC%B1%84%EC%9A%A9%EB%B3%B4%EA%B8%B0?jk=9040dba1c8db2a5d
[데이터밸류팀] 서버개발자,카카오,성남 판교역,https://kr.indeed.com/%EC%B1%84%EC%9A%A9%EB%B3%B4%EA%B8%B0?jk=6f0ec0edcdae751b
[EY한영] 컨설팅본부(Advisory) PI-Customer팀 경력직 모집,EY,대한민국,https://kr.indeed.com/%EC%B1%84%EC%9A%A9%EB%B3%B4%EA%B8%B0?jk=aa9fe8e9fd5c6f84
Senior Solutions Architect - Amazon Connect,Amazon Web Services Korea LLC,서울,https://kr.indeed.com/%EC%B1%84%EC%9A%A9%EB%B3%B4%EA%B8%B0?jk=5c6723a17ad467f6
Cross Border Ecommerce - Business Intelligence (Based in Seoul),Shopee,서울,https://kr.indeed.com/%EC%B1%84%EC%9A%A9%EB%B3%B4%EA%B8%B0?jk=b574f1454ae36aab
Data Center Technician,Amzn Corporate Services Korea,서울,https://kr.indeed.com/%EC%B1%84%EC%9A%A9%EB%B3%B4%EA%B8%B0?jk=1f542078927eb1e4
매칭팀 - 프로그래머,Nexon,성남 분당구,https://kr.indeed.com/%EC%B1%84%EC%9A%A9%EB%B3%B4%EA%B8%B0?jk=3e757382342b3c98
링크샵스 플랫폼 개발 및 유지보수 담당,링크샵스,서울 중구,https://kr.indeed.com/%EC%B1%84%EC%9A%A9%EB%B3%B4%EA%B8%B0?jk=a6d0f0030a9ad230
[한국오라클] Data Center Technician (Engineer),한국오라클,강원도 춘천,https://kr.indeed.com/%EC%B1%84%EC%9A%A9%EB%B3%B4%EA%B8%B0?jk=3b15f329680f4cff
[관계사] 카카오모빌리티 DevOps엔지니어,카카오,대한민국,https://kr.indeed.com/%EC%B1%84%EC%9A%A9%EB%B3%B4%EA%B8%B0?jk=3429314fff887dea
한글 Q&A 시스템 연구 개발 신입/경력사원,포티투마루,서울 봉천동,https://kr.indeed.com/%EC%B1%84%EC%9A%A9%EB%B3%B4%EA%B8%B0?jk=6f88041c28b6c1ae
멜론 서비스 데이터 분석 및 개발자,카카오,성남 판교역,https://kr.indeed.com/%EC%B1%84%EC%9A%A9%EB%B3%B4%EA%B8%B0?jk=8f0dfcd582982dcb
백엔드 엔지니어 (e-커머스),리디,서울특별시,https://kr.indeed.com/%EC%B1%84%EC%9A%A9%EB%B3%B4%EA%B8%B0?jk=fccde67d76f9359a
검색서비스 서버 개발 신입/경력,포티투마루,서울 봉천동,https://kr.indeed.com/%EC%B1%84%EC%9A%A9%EB%B3%B4%EA%B8%B0?jk=e010f7780d479126
정보계(DW) 시스템 IT 개발,케이뱅크은행,서울,https://kr.indeed.com/%EC%B1%84%EC%9A%A9%EB%B3%B4%EA%B8%B0?jk=f5aa64f66cb75c48
데이터 엔지니어 / Data Engineer,Bagelcode,서울,https://kr.indeed.com/%EC%B1%84%EC%9A%A9%EB%B3%B4%EA%B8%B0?jk=bd1ad6ca3aba3000
Senior Data Scientist - AWS Professional Services,Amazon Web Services Korea LLC,서울,https://kr.indeed.com/%EC%B1%84%EC%9A%A9%EB%B3%B4%EA%B8%B0?jk=37da5b148b2d3ef4
(주)웨이브웨어 2019 년도 신입사원 (개발자),웨이브웨어,대전 유성구,https://kr.indeed.com/%EC%B1%84%EC%9A%A9%EB%B3%B4%EA%B8%B0?jk=0395060bcfd34c94
"Senior MTS, Software/Firmware Engineer",Maxim Integrated,서울,https://kr.indeed.com/%EC%B1%84%EC%9A%A9%EB%B3%B4%EA%B8%B0?jk=3d3684a7416404d3
"카카오콘 앱(iOS), 서버 경력 개발자",카카오 게임즈,대한민국,https://kr.indeed.com/%EC%B1%84%EC%9A%A9%EB%B3%B4%EA%B8%B0?jk=b9974ad79659bb6d
[KSTEC] 2019년 신입 및 경력 (SW개발자),지식시스템,성남 분당구,https://kr.indeed.com/%EC%B1%84%EC%9A%A9%EB%B3%B4%EA%B8%B0?jk=c72be35dbb12960c
(주)엘솔루 NLP연구개발직,㈜엘솔루,서울,https://kr.indeed.com/%EC%B1%84%EC%9A%A9%EB%B3%B4%EA%B8%B0?jk=3f46d6b013eed283
의료 인공지능 개발자 - 정규직 / 병역특례,제이엘케이인스펙션,서울 강남구,https://kr.indeed.com/%EC%B1%84%EC%9A%A9%EB%B3%B4%EA%B8%B0?jk=00a9dba6862d0947
데이터인프라개발팀 - 데이터 엔지니어,Nexon,성남 분당구,https://kr.indeed.com/%EC%B1%84%EC%9A%A9%EB%B3%B4%EA%B8%B0?jk=c499b3dde5c2e196
Front end 개발자,브릭,성남 분당구,https://kr.indeed.com/%EC%B1%84%EC%9A%A9%EB%B3%B4%EA%B8%B0?jk=cac18e6bcbee5a21
글로벌&모바일 플랫폼 운영을 담당할 를 합니다.,Nexon,성남 분당구,https://kr.indeed.com/%EC%B1%84%EC%9A%A9%EB%B3%B4%EA%B8%B0?jk=281fb1cb3dff0cf8
데이터인프라개발팀 - 데이터 플랫폼 엔지니어,Nexon,성남 분당구,https://kr.indeed.com/%EC%B1%84%EC%9A%A9%EB%B3%B4%EA%B8%B0?jk=73457e281df2be21
이상탐지팀- 웹프로그래머,Nexon,성남 분당구,https://kr.indeed.com/%EC%B1%84%EC%9A%A9%EB%B3%B4%EA%B8%B0?jk=4a426e3ffacd161c
Senior Software Engineer,BOEING,서울,https://kr.indeed.com/%EC%B1%84%EC%9A%A9%EB%B3%B4%EA%B8%B0?jk=9f26c2fbcaf1b9bc
"인공지능 플랫폼 회사(알파브릿지) 경력직(IT, 관리)",에셋플러스자산운용,대한민국,https://kr.indeed.com/%EC%B1%84%EC%9A%A9%EB%B3%B4%EA%B8%B0?jk=989c8d5579ea7132
[던전앤파이터] 2D/3D 게임그래픽 기술개발 (TA/엔진프로그래머/툴 프로그래머),네오플,서울 강남구,https://kr.indeed.com/%EC%B1%84%EC%9A%A9%EB%B3%B4%EA%B8%B0?jk=ed7549ec7d5c9ccd
데이터분석가(게임어뷰징 탐지),Nexon,성남 분당구,https://kr.indeed.com/%EC%B1%84%EC%9A%A9%EB%B3%B4%EA%B8%B0?jk=ea3b136c0ff59524
Platform/BSP SW APPS Engineering - Engineer/Sr. Engineer,Qualcomm,서울,https://kr.indeed.com/%EC%B1%84%EC%9A%A9%EB%B3%B4%EA%B8%B0?jk=103175b04a715b9b
[학술 컨설턴트 ] 인문사회분야 신입/경력직,대성인력자원개발,서울 성동구,https://kr.indeed.com/%EC%B1%84%EC%9A%A9%EB%B3%B4%EA%B8%B0?jk=a8a9294f638acf85
MongoDB Engineer,카카오,성남 판교역,https://kr.indeed.com/%EC%B1%84%EC%9A%A9%EB%B3%B4%EA%B8%B0?jk=2695294aea6dc3b6
카카오 분석 플랫폼 경력 개발자,카카오,성남 판교역,https://kr.indeed.com/%EC%B1%84%EC%9A%A9%EB%B3%B4%EA%B8%B0?jk=8ae7c240ef7d5f0b
[관계사] Ground X Tech Support Engineer / Site Reliability Engineer,카카오,대한민국,https://kr.indeed.com/%EC%B1%84%EC%9A%A9%EB%B3%B4%EA%B8%B0?jk=61fa73c450700bf3
시스템엔지니어,마이뱅크,서울 중구,https://kr.indeed.com/%EC%B1%84%EC%9A%A9%EB%B3%B4%EA%B8%B0?jk=0685dd2d780256ff
서울 강남구 인썸니아 시니어 개발자 및 퍼블리셔,인썸니아,서울 서초구,https://kr.indeed.com/%EC%B1%84%EC%9A%A9%EB%B3%B4%EA%B8%B0?jk=6c1d50662fa2d7f7
[인재풀] 아티스트,Electronic Arts,서울,https://kr.indeed.com/%EC%B1%84%EC%9A%A9%EB%B3%B4%EA%B8%B0?jk=aac8e9355cb855ac
[NHN Service] [판교]기술지원 경력,엔에이치엔서비스,성남 분당구,https://kr.indeed.com/%EC%B1%84%EC%9A%A9%EB%B3%B4%EA%B8%B0?jk=0ce604f78d27b2f2
자연어처리전문가 금융챗봇 만들어 갈 엔지니어,파운트,서울 충정로역,https://kr.indeed.com/%EC%B1%84%EC%9A%A9%EB%B3%B4%EA%B8%B0?jk=a50fce6cc2cb57c9
키친엑스 자동화 기계관련 일 함께할 인재.(IOT시스템 구축),키친엑스,서울 갈월동,https://kr.indeed.com/%EC%B1%84%EC%9A%A9%EB%B3%B4%EA%B8%B0?jk=564ab7bb971c3486
[커피프랜차이즈기업]그룹 계열사 웹 어플리케이션 개발 (팀장급),커리어셀파,성남 분당구,https://kr.indeed.com/%EC%B1%84%EC%9A%A9%EB%B3%B4%EA%B8%B0?jk=f74f5a81686860b5
웹 개발 경력자 정규직,우루루,서울 강남구,https://kr.indeed.com/%EC%B1%84%EC%9A%A9%EB%B3%B4%EA%B8%B0?jk=735148843348470b
[경력] 빅데이터 플랫폼 엔지니어,카카오,성남 판교역,https://kr.indeed.com/%EC%B1%84%EC%9A%A9%EB%B3%B4%EA%B8%B0?jk=61ecdc0ef3cfb66a
Automotive Display SW APPS Engineering - Engineer/Sr. Engineer,Qualcomm,서울,https://kr.indeed.com/%EC%B1%84%EC%9A%A9%EB%B3%B4%EA%B8%B0?jk=c853cf6736312a6e
[정규직] Cloud Engineer (AWS),SK 씨앤씨,대한민국,https://kr.indeed.com/%EC%B1%84%EC%9A%A9%EB%B3%B4%EA%B8%B0?jk=4479d3988e31e187
빅데이터 사이언스,케이뱅크은행,서울,https://kr.indeed.com/%EC%B1%84%EC%9A%A9%EB%B3%B4%EA%B8%B0?jk=117108f4cde5b144
[금천구/벤처기업] 정규직 안드로이드 개발자,KIAC,서울,https://kr.indeed.com/%EC%B1%84%EC%9A%A9%EB%B3%B4%EA%B8%B0?jk=47b611532dc1ee8e
[인프라] 미들웨어 관리자,한국카카오은행,성남 분당구,https://kr.indeed.com/%EC%B1%84%EC%9A%A9%EB%B3%B4%EA%B8%B0?jk=84ca47684eb810c8
[Back-end] 신규 커머스 플랫폼 개발,아이오앤코코리아,서울 강남구,https://kr.indeed.com/%EC%B1%84%EC%9A%A9%EB%B3%B4%EA%B8%B0?jk=ee6cfac507f4e0af
Automotive Graphics SW APPS Engineering - Engineer/Sr. Engineer,Qualcomm,서울,https://kr.indeed.com/%EC%B1%84%EC%9A%A9%EB%B3%B4%EA%B8%B0?jk=277b3d72e827b50c
[신입/경력]Software Engineer 담당자,이스트게임즈,서울 서초구,https://kr.indeed.com/%EC%B1%84%EC%9A%A9%EB%B3%B4%EA%B8%B0?jk=b932ddb529492df8
[데이터밸류팀] 데이터사이언스 및 머신러닝 전문가,카카오,성남 판교역,https://kr.indeed.com/%EC%B1%84%EC%9A%A9%EB%B3%B4%EA%B8%B0?jk=557a3ca685f33ea4
DevOps Engineer,Nielsen,서울,https://kr.indeed.com/%EC%B1%84%EC%9A%A9%EB%B3%B4%EA%B8%B0?jk=de8ad67cf88179fe
저희회사와 함께하실 데이터전문가,데이터누리,서울 강서구,https://kr.indeed.com/%EC%B1%84%EC%9A%A9%EB%B3%B4%EA%B8%B0?jk=d1b702573d168586
웹 개발 경력(3년)직,비스퀘어,부산 해운대구,https://kr.indeed.com/%EC%B1%84%EC%9A%A9%EB%B3%B4%EA%B8%B0?jk=cf14975b7c16c9e8
카카오 전체의 사용자 플랫폼 만들 서버개발자,카카오모빌리티,성남 판교역,https://kr.indeed.com/%EC%B1%84%EC%9A%A9%EB%B3%B4%EA%B8%B0?jk=6d479593b544fa68
"[해외취업] IT 프로그래머,web개발 엔지니어,Java프로그래머,인프라, SES 정사원 東京근무",SEAGILE,대한민국,https://kr.indeed.com/%EC%B1%84%EC%9A%A9%EB%B3%B4%EA%B8%B0?jk=da77f7f30c8cccf1
"주식운용본부(인덱스, 퀀트)",현대인베스트먼트자산운용,대한민국,https://kr.indeed.com/%EC%B1%84%EC%9A%A9%EB%B3%B4%EA%B8%B0?jk=45194ff491600874
Technical Trainer - Amazon Web Services,Amazon Web Services Korea LLC,서울,https://kr.indeed.com/%EC%B1%84%EC%9A%A9%EB%B3%B4%EA%B8%B0?jk=f044d9361c664f80
SAP Architect,Amazon Web Services Korea LLC,서울,https://kr.indeed.com/%EC%B1%84%EC%9A%A9%EB%B3%B4%EA%B8%B0?jk=9301d45725046c1b
(Search&Clova) Clova 음성인식 기술 개발 경력사원 모집,NAVER,성남 정자동,https://kr.indeed.com/%EC%B1%84%EC%9A%A9%EB%B3%B4%EA%B8%B0?jk=4942a8c35ffccd85
한글 Q&A 시스템 연구 개발 신입/경력사원,포티투마루,서울 봉천동,https://kr.indeed.com/%EC%B1%84%EC%9A%A9%EB%B3%B4%EA%B8%B0?jk=6f88041c28b6c1ae
"Specialist Solutions Architect II, Analytics",Amazon Web Services Korea LLC,서울,https://kr.indeed.com/%EC%B1%84%EC%9A%A9%EB%B3%B4%EA%B8%B0?jk=0744d7fe5badb8a3
MongoDB Engineer,카카오,성남 판교역,https://kr.indeed.com/%EC%B1%84%EC%9A%A9%EB%B3%B4%EA%B8%B0?jk=2695294aea6dc3b6
글로벌 여행 스타트업 Trazy - 백엔드 개발자,트레이지(Trazy),서울 종로구,https://kr.indeed.com/%EC%B1%84%EC%9A%A9%EB%B3%B4%EA%B8%B0?jk=0fb2aa38f1fb2af2
경력사원 수시,두산 디지털이노베이션,서울,https://kr.indeed.com/%EC%B1%84%EC%9A%A9%EB%B3%B4%EA%B8%B0?jk=dcafe087f86aaa47
카카오 분석 플랫폼 경력 개발자,카카오,성남 판교역,https://kr.indeed.com/%EC%B1%84%EC%9A%A9%EB%B3%B4%EA%B8%B0?jk=8ae7c240ef7d5f0b
Cloud Support Engineer - Developer and Mobile Services,Amazon Web Services Korea LLC,서울,https://kr.indeed.com/%EC%B1%84%EC%9A%A9%EB%B3%B4%EA%B8%B0?jk=930a6a7d80e095bc
[기술기획] 기술기획 개발자,카카오뱅크,경기도 성남,https://kr.indeed.com/%EC%B1%84%EC%9A%A9%EB%B3%B4%EA%B8%B0?jk=54014c3b0874e69d
카카오 전체의 사용자 플랫폼 만들 서버개발자,카카오모빌리티,성남 판교역,https://kr.indeed.com/%EC%B1%84%EC%9A%A9%EB%B3%B4%EA%B8%B0?jk=6d479593b544fa68
데이터분석(모바일App)(경력6~9년) - 유명상장유통서비스대기업,타겟컨설팅,서울,https://kr.indeed.com/%EC%B1%84%EC%9A%A9%EB%B3%B4%EA%B8%B0?jk=5f6c6ca1ea8d9eaf
서울 강남구 인썸니아 시니어 개발자 및 퍼블리셔,인썸니아,서울 서초구,https://kr.indeed.com/%EC%B1%84%EC%9A%A9%EB%B3%B4%EA%B8%B0?jk=6c1d50662fa2d7f7
인프라 플랫폼 개발자,NHN godo,서울 구로구,https://kr.indeed.com/%EC%B1%84%EC%9A%A9%EB%B3%B4%EA%B8%B0?jk=c8a7c9c4022a3544
이탈방지팀-서비스 개발자,Nexon,성남 분당구,https://kr.indeed.com/%EC%B1%84%EC%9A%A9%EB%B3%B4%EA%B8%B0?jk=691f61972f31c777
빅데이터 엔지니어 경력직(정규직),신한에이아이,서울 영등포구,https://kr.indeed.com/%EC%B1%84%EC%9A%A9%EB%B3%B4%EA%B8%B0?jk=59e5ed1c3c1ff691
인프라 시스템 엔지니어,이스트게임즈,서울 서초구,https://kr.indeed.com/%EC%B1%84%EC%9A%A9%EB%B3%B4%EA%B8%B0?jk=7443111730da0ccf
Data Specialist (Scientist&&Engineer),아우름플래닛,서울 마포구,https://kr.indeed.com/%EC%B1%84%EC%9A%A9%EB%B3%B4%EA%B8%B0?jk=dd4d8e59a4a9265d
백엔드 플랫폼 엔지니어 - Devops (신입),펍지,서울,https://kr.indeed.com/%EC%B1%84%EC%9A%A9%EB%B3%B4%EA%B8%B0?jk=adb5ac4e37052a3c
사내 인증 개발자,Nexon,성남 분당구,https://kr.indeed.com/%EC%B1%84%EC%9A%A9%EB%B3%B4%EA%B8%B0?jk=45ddfc75e84619c0
[해외취업] VSN 어플리케애션개발엔지니어 정직원,이노리버,대한민국,https://kr.indeed.com/%EC%B1%84%EC%9A%A9%EB%B3%B4%EA%B8%B0?jk=ff89b47362bc7d17
[학술 컨설턴트 ] 인문사회분야 신입/경력직,대성인력자원개발,서울 성동구,https://kr.indeed.com/%EC%B1%84%EC%9A%A9%EB%B3%B4%EA%B8%B0?jk=a8a9294f638acf85
Automotive Display SW APPS Engineering - Engineer/Sr. Engineer,Qualcomm,서울,https://kr.indeed.com/%EC%B1%84%EC%9A%A9%EB%B3%B4%EA%B8%B0?jk=c853cf6736312a6e
정보계(DW) 시스템 IT 개발,케이뱅크은행,서울,https://kr.indeed.com/%EC%B1%84%EC%9A%A9%EB%B3%B4%EA%B8%B0?jk=f5aa64f66cb75c48
[아지앙스코리아] Senior Back-end Developer 경력직,아지앙스코리아,서울 중구,https://kr.indeed.com/%EC%B1%84%EC%9A%A9%EB%B3%B4%EA%B8%B0?jk=20f85916a66d19a0
AI 개발/Data Scientist/시스템 아키텍쳐/빅데이터엔지니어 경력직,신한에이아이,서울 영등포구,https://kr.indeed.com/%EC%B1%84%EC%9A%A9%EB%B3%B4%EA%B8%B0?jk=de44729f90fcae6e
빅데이터 강사 - 메가스터디교육그룹 메가IT아카데미,커리어게이트,서울 강남구,https://kr.indeed.com/%EC%B1%84%EC%9A%A9%EB%B3%B4%EA%B8%B0?jk=618a0176b1220105
데이터 엔지니어,크로스앵글,서울 여의도,https://kr.indeed.com/%EC%B1%84%EC%9A%A9%EB%B3%B4%EA%B8%B0?jk=ae15250b0a7f47e0
영상처리 Software FAE 경력,소니코리아,서울,https://kr.indeed.com/%EC%B1%84%EC%9A%A9%EB%B3%B4%EA%B8%B0?jk=b720807a7cbf6d10
(Search&Clova) Clova 음성인식 기술 개발 경력사원 모집,NAVER,성남 정자동,https://kr.indeed.com/%EC%B1%84%EC%9A%A9%EB%B3%B4%EA%B8%B0?jk=4942a8c35ffccd85
Senior Data Scientist - AWS Professional Services,Amazon Web Services Korea LLC,서울,https://kr.indeed.com/%EC%B1%84%EC%9A%A9%EB%B3%B4%EA%B8%B0?jk=37da5b148b2d3ef4
성장하는 핀테크 스타트업 BackEnd Developer 경력직,웨이브릿지,서울 강남구,https://kr.indeed.com/%EC%B1%84%EC%9A%A9%EB%B3%B4%EA%B8%B0?jk=f8ee4cfdf4dd6934
이상탐지팀- 웹프로그래머,Nexon,성남 분당구,https://kr.indeed.com/%EC%B1%84%EC%9A%A9%EB%B3%B4%EA%B8%B0?jk=4a426e3ffacd161c
IC 설계자동화 (EDA) 소프트웨어 (XMODEL) 모델 개발자 / 응용 엔지니어 (AE),사이언티픽아날로그,서울 서초구,https://kr.indeed.com/%EC%B1%84%EC%9A%A9%EB%B3%B4%EA%B8%B0?jk=48ff23ac8982670a
[펜타시큐리티] IT 웹보안제품 개발자,펜타시큐리티시스템,서울 영등포구,https://kr.indeed.com/%EC%B1%84%EC%9A%A9%EB%B3%B4%EA%B8%B0?jk=25454744384b8aa2
모바일 어플리케이션 백엔드 개발자,위아프렌즈,서울 노원구,https://kr.indeed.com/%EC%B1%84%EC%9A%A9%EB%B3%B4%EA%B8%B0?jk=bf2cc4de27465bc3
백엔드 플랫폼 엔지니어 - Devops (경력),펍지,서울,https://kr.indeed.com/%EC%B1%84%EC%9A%A9%EB%B3%B4%EA%B8%B0?jk=c0d0864dfaa84124
"(주)트윔 개발자(경력직) 빅데이터,영상처리,머신비전/AI 딥러닝 (강남/동탄근무)",트윔,경기도 화성,https://kr.indeed.com/%EC%B1%84%EC%9A%A9%EB%B3%B4%EA%B8%B0?jk=3c0eadee94a3c835
[해외취업] 라쿠스루 _ 서버사이드 엔지니어,글로벌터치코리아,대한민국,https://kr.indeed.com/%EC%B1%84%EC%9A%A9%EB%B3%B4%EA%B8%B0?jk=288fe3ae93f852ab
DBA담당자,해커스,서울 강남구,https://kr.indeed.com/%EC%B1%84%EC%9A%A9%EB%B3%B4%EA%B8%B0?jk=1f7f2b48cf91125b
데이터베이스 설계 및 데이터 분석,토이스미스,서울 마포구,https://kr.indeed.com/%EC%B1%84%EC%9A%A9%EB%B3%B4%EA%B8%B0?jk=6923904fcc788570
[해외취업] IT 애플리케이션 개발 엔지니어,리엔에스티,대한민국,https://kr.indeed.com/%EC%B1%84%EC%9A%A9%EB%B3%B4%EA%B8%B0?jk=451df85c49f0c9f4
TOAST Cloud 운영 및 기술지원,NHN,성남 판교역,https://kr.indeed.com/%EC%B1%84%EC%9A%A9%EB%B3%B4%EA%B8%B0?jk=ad07d6a330fb619a
Senior Specialist Consultant - AI/ML,Amazon Web Services Korea LLC,서울,https://kr.indeed.com/%EC%B1%84%EC%9A%A9%EB%B3%B4%EA%B8%B0?jk=b51ca785a45edf17
[경력]서버 개발 담당자,선데이토즈,성남 분당구,https://kr.indeed.com/%EC%B1%84%EC%9A%A9%EB%B3%B4%EA%B8%B0?jk=b39044f681e9d472
백엔드 개발자 (경력),크로스앵글,서울 여의도,https://kr.indeed.com/%EC%B1%84%EC%9A%A9%EB%B3%B4%EA%B8%B0?jk=af5683389907a8c9
[커피프랜차이즈기업]그룹 계열사 웹 어플리케이션 개발 (팀장급),커리어셀파,성남 분당구,https://kr.indeed.com/%EC%B1%84%EC%9A%A9%EB%B3%B4%EA%B8%B0?jk=f74f5a81686860b5
파이썬 중급개발자,퓨쳐위즈,서울 강남구,https://kr.indeed.com/%EC%B1%84%EC%9A%A9%EB%B3%B4%EA%B8%B0?jk=5ee29e41129934a3
Platform/BSP SW APPS Engineering - Engineer/Sr. Engineer,Qualcomm,서울,https://kr.indeed.com/%EC%B1%84%EC%9A%A9%EB%B3%B4%EA%B8%B0?jk=103175b04a715b9b
Sales Manager (Born in the Cloud),Hewlett Packard Enterprise,서울,https://kr.indeed.com/%EC%B1%84%EC%9A%A9%EB%B3%B4%EA%B8%B0?jk=4a51996b0442a445
키친엑스 자동화 기계관련 일 함께할 인재.(IOT시스템 구축),키친엑스,서울 갈월동,https://kr.indeed.com/%EC%B1%84%EC%9A%A9%EB%B3%B4%EA%B8%B0?jk=564ab7bb971c3486
웹 개발 경력자 정규직,우루루,서울 강남구,https://kr.indeed.com/%EC%B1%84%EC%9A%A9%EB%B3%B4%EA%B8%B0?jk=735148843348470b
2020 신입생 ICT/바이오 하이테크 대졸자 취업연계 과정,한국폴리텍대학융합기술교육원,성남 분당구,https://kr.indeed.com/%EC%B1%84%EC%9A%A9%EB%B3%B4%EA%B8%B0?jk=ca7da7655917c156
"Python/Java,Spark 기반 개발 및 웹개발자 (경력/신입) 정규직",아이티존,대전 유성구,https://kr.indeed.com/%EC%B1%84%EC%9A%A9%EB%B3%B4%EA%B8%B0?jk=7e759712f25537da
인프라 관리/운영 웹 애플리케이션 개발자,Nexon,성남 분당구,https://kr.indeed.com/%EC%B1%84%EC%9A%A9%EB%B3%B4%EA%B8%B0?jk=692486e7a2b0522e
[금천구/벤처기업] 정규직 안드로이드 개발자,KIAC,서울,https://kr.indeed.com/%EC%B1%84%EC%9A%A9%EB%B3%B4%EA%B8%B0?jk=47b611532dc1ee8e
8퍼센트 경력 개발자,8퍼센트,서울 종로구,https://kr.indeed.com/%EC%B1%84%EC%9A%A9%EB%B3%B4%EA%B8%B0?jk=464ef95516a5fa5c
파이썬SW 금융분야 특화 챗봇 개발 함께 할 엔지니어,파운트,서울 충정로역,https://kr.indeed.com/%EC%B1%84%EC%9A%A9%EB%B3%B4%EA%B8%B0?jk=ffd9cedb23e97344
AI Algorithm Developer,펄핏,서울 강남구,https://kr.indeed.com/%EC%B1%84%EC%9A%A9%EB%B3%B4%EA%B8%B0?jk=88b7dece067cd1c6
"컴퓨터, 프로그래밍 강사 신입/경력 정규직",잼코딩목동캠퍼스,서울 양천구,https://kr.indeed.com/%EC%B1%84%EC%9A%A9%EB%B3%B4%EA%B8%B0?jk=ec21b31c5071934c
"Solutions Architect II - AI/ML Specialist, AWS Korea",Amazon Web Services Korea LLC,서울,https://kr.indeed.com/%EC%B1%84%EC%9A%A9%EB%B3%B4%EA%B8%B0?jk=6a52fffb245d6613
모바일앱 분석툴 유저해빗 웹개발자,유저해빗,서울 마포구,https://kr.indeed.com/%EC%B1%84%EC%9A%A9%EB%B3%B4%EA%B8%B0?jk=100bfdb71c3c4fde
고성능 게임 피드백 서버 개발,Nexon,성남 분당구,https://kr.indeed.com/%EC%B1%84%EC%9A%A9%EB%B3%B4%EA%B8%B0?jk=952e0a8d9bac4aea
Cloud Infrastructure Architect,Amazon Web Services Korea LLC,서울,https://kr.indeed.com/%EC%B1%84%EC%9A%A9%EB%B3%B4%EA%B8%B0?jk=6c193b454226bc93
다크어벤저3 서버프로그래머 (경력3년이상),Nexon,성남 분당구,https://kr.indeed.com/%EC%B1%84%EC%9A%A9%EB%B3%B4%EA%B8%B0?jk=9610a215e43c2810
[경력] 회계 감사 디지털 전문가 - DPP,삼정 KPMG,서울 강남구,https://kr.indeed.com/%EC%B1%84%EC%9A%A9%EB%B3%B4%EA%B8%B0?jk=5104262b441217e5
Cloud Storage Architect 국내 IT 대기업,국내 IT 대기업,서울특별시,https://kr.indeed.com/%EC%B1%84%EC%9A%A9%EB%B3%B4%EA%B8%B0?jk=703240f1af245dde
"Solutions Architect II - AMAZON Web Services, Korea",Amazon Web Services Korea LLC,서울,https://kr.indeed.com/%EC%B1%84%EC%9A%A9%EB%B3%B4%EA%B8%B0?jk=3796c8a31a447383
[기술기획] 기술기획 개발자,한국카카오은행,성남 분당구,https://kr.indeed.com/%EC%B1%84%EC%9A%A9%EB%B3%B4%EA%B8%B0?jk=d1899493ea77dee5
데이터 개발 및 관리 운영자,에스비씨엔,서울 영등포구,https://kr.indeed.com/%EC%B1%84%EC%9A%A9%EB%B3%B4%EA%B8%B0?jk=155f9ec0ce645831
대기업 영상보안 네트워크 프로토콜 SW 개발 정규직,인파트너스,서울 서초구,https://kr.indeed.com/%EC%B1%84%EC%9A%A9%EB%B3%B4%EA%B8%B0?jk=b4f6d8a8517cf6f7
WaveBridge BackEnd Developer 경력직,웨이브릿지,서울 강남구,https://kr.indeed.com/%EC%B1%84%EC%9A%A9%EB%B3%B4%EA%B8%B0?jk=ea7a7ab6e15151c1
[장애인만 채용],로완,서울 상암동,https://kr.indeed.com/%EC%B1%84%EC%9A%A9%EB%B3%B4%EA%B8%B0?jk=b7cdc6f73ca95a75
[KSTEC] RPA 시스템 개발 경력사원,지식시스템,성남 분당구,https://kr.indeed.com/%EC%B1%84%EC%9A%A9%EB%B3%B4%EA%B8%B0?jk=fa305c0df75baf54
(주)엘솔루 웹개발자,㈜엘솔루,서울,https://kr.indeed.com/%EC%B1%84%EC%9A%A9%EB%B3%B4%EA%B8%B0?jk=f96c6c892a013cf0
[Mobile] 데이터 개발 (인프라),펍지,서울,https://kr.indeed.com/%EC%B1%84%EC%9A%A9%EB%B3%B4%EA%B8%B0?jk=57efbc3513f8842b
[경력]밸런스 기획 담당자,JANDISOFT,서울 영등포구,https://kr.indeed.com/%EC%B1%84%EC%9A%A9%EB%B3%B4%EA%B8%B0?jk=c7c59d54b02de0a0
"웹사이트운영, Trading System운영 외 신입/경력 정규직, 인턴",케이제이글로비스케이알,서울 강남구,https://kr.indeed.com/%EC%B1%84%EC%9A%A9%EB%B3%B4%EA%B8%B0?jk=566ede42b3bbefbd
바이오스타트기업 신약센터 연구원 빅데이터 AI분석,커리어셀파,서울 마포구,https://kr.indeed.com/%EC%B1%84%EC%9A%A9%EB%B3%B4%EA%B8%B0?jk=1582932edb72c68f
S/W 신규 장비 개발 엔지니어,세미티에스,수원 영통구,https://kr.indeed.com/%EC%B1%84%EC%9A%A9%EB%B3%B4%EA%B8%B0?jk=a171aaa46f49208f
개발팀장 (의료영상 기반 상용 SW),애니메디솔루션,서울 송파구,https://kr.indeed.com/%EC%B1%84%EC%9A%A9%EB%B3%B4%EA%B8%B0?jk=1b84cc83217563a2
TOAST Cloud 플랫폼 및 서비스 개발,NHN,성남 판교역,https://kr.indeed.com/%EC%B1%84%EC%9A%A9%EB%B3%B4%EA%B8%B0?jk=ea2cf2a5e929b0ee
Sr. Data Architect - Data Lakes & Analytics,Amazon Web Services Korea LLC,서울,https://kr.indeed.com/%EC%B1%84%EC%9A%A9%EB%B3%B4%EA%B8%B0?jk=39834f5337a56072
Software Engineer - Data Platform,펍지,서울,https://kr.indeed.com/%EC%B1%84%EC%9A%A9%EB%B3%B4%EA%B8%B0?jk=e53e9a565e6d79df
Java/Jsp/Front-end/WEB 개발자,에코소프트,경기도,https://kr.indeed.com/%EC%B1%84%EC%9A%A9%EB%B3%B4%EA%B8%B0?jk=e6ed4f83454aa0c3
"IT 기획, 운영 (대리-과장급) 초빙 - 유명 유통사",로이스에이치알,서울,https://kr.indeed.com/%EC%B1%84%EC%9A%A9%EB%B3%B4%EA%B8%B0?jk=b4e795fb8e6fd0ed
[정규직/본사근무] PHP 웹 개발자 (경력),이랜서,서울 강남구,https://kr.indeed.com/%EC%B1%84%EC%9A%A9%EB%B3%B4%EA%B8%B0?jk=194a28e271f583b3
[구직 Platform] Frontend 개발 전문가 급구,ES GROUP,서울 강남구,https://kr.indeed.com/%EC%B1%84%EC%9A%A9%EB%B3%B4%EA%B8%B0?jk=cde86e099a2a4639
[구직 Platform] Frontend 개발 전문가 급구,에이아이앤잡,서울 강남구,https://kr.indeed.com/%EC%B1%84%EC%9A%A9%EB%B3%B4%EA%B8%B0?jk=eabd2f2876b50a04
SW전문위원(20년 이상) 및 해외영업 과차장급 컨설턴트(경력 7년 이상),한국컨설팅산업협회,서울 강남구,https://kr.indeed.com/%EC%B1%84%EC%9A%A9%EB%B3%B4%EA%B8%B0?jk=d6a2c8d60ad1662c
정보계(빅데이터) 시스템 IT 개발,케이뱅크은행,서울,https://kr.indeed.com/%EC%B1%84%EC%9A%A9%EB%B3%B4%EA%B8%B0?jk=6f12a9aab17ec9b6
Big Data Engineer,휴먼디지털,서울,https://kr.indeed.com/%EC%B1%84%EC%9A%A9%EB%B3%B4%EA%B8%B0?jk=6863b8ecbee9cb28
"모바일 앱 서버 개발(Java, Python)",휴먼디지털,서울,https://kr.indeed.com/%EC%B1%84%EC%9A%A9%EB%B3%B4%EA%B8%B0?jk=16dff836029458af
Web 개발(이커머스 파트)_PHP/CodeIgniter/Javascript,버드뷰,서울 마포구,https://kr.indeed.com/%EC%B1%84%EC%9A%A9%EB%B3%B4%EA%B8%B0?jk=3292e81e43884c67
가상화폐 개발 경력자,휴먼디지털,서울,https://kr.indeed.com/%EC%B1%84%EC%9A%A9%EB%B3%B4%EA%B8%B0?jk=eb524bae20ec458a
Solutions Architect III - AWS Korea,Amazon Web Services Korea LLC,서울,https://kr.indeed.com/%EC%B1%84%EC%9A%A9%EB%B3%B4%EA%B8%B0?jk=8fc5722cb9223fea
가상화폐 프로그래머,휴먼디지털,서울,https://kr.indeed.com/%EC%B1%84%EC%9A%A9%EB%B3%B4%EA%B8%B0?jk=527ede840149154c
"Linux 경력 계약직, 프리랜서, 알바",퀀텀솔루션,성남 분당구,https://kr.indeed.com/%EC%B1%84%EC%9A%A9%EB%B3%B4%EA%B8%B0?jk=91a29bad63359f3f
Front end 개발자,브릭,성남 분당구,https://kr.indeed.com/%EC%B1%84%EC%9A%A9%EB%B3%B4%EA%B8%B0?jk=cac18e6bcbee5a21
[구직 Platform] Java Backend 개발자 급구,에이아이앤잡,서울 강남구,https://kr.indeed.com/%EC%B1%84%EC%9A%A9%EB%B3%B4%EA%B8%B0?jk=e8dbc25154e298a2
서버 구축 및 관리 & PHP RESTFUL API 백엔드 개발자,캐시파이,서울 마포구,https://kr.indeed.com/%EC%B1%84%EC%9A%A9%EB%B3%B4%EA%B8%B0?jk=172fb63f77af453f
"JAVA, 펌웨어(Firmware) 경력 정규직, 계약직, 프리랜서",가온시스템즈,서울 강서구,https://kr.indeed.com/%EC%B1%84%EC%9A%A9%EB%B3%B4%EA%B8%B0?jk=8932156496476611
웹 개발 Java·JSP 경력사원,핀마트,서울 금천구,https://kr.indeed.com/%EC%B1%84%EC%9A%A9%EB%B3%B4%EA%B8%B0?jk=720358989de4d717
"Partner Solutions Architect III, Analytics Specialist",Amazon Web Services Korea LLC,서울,https://kr.indeed.com/%EC%B1%84%EC%9A%A9%EB%B3%B4%EA%B8%B0?jk=7a837beac7ac8bcd
AI(인공지능) 개발자,휴먼디지털,서울,https://kr.indeed.com/%EC%B1%84%EC%9A%A9%EB%B3%B4%EA%B8%B0?jk=d498993697237b33
Computer Vision for Robotics,현대자동차,대한민국,https://kr.indeed.com/%EC%B1%84%EC%9A%A9%EB%B3%B4%EA%B8%B0?jk=7853dae7ffc97bbe
Software Engineer for Mobility,현대자동차,대한민국,https://kr.indeed.com/%EC%B1%84%EC%9A%A9%EB%B3%B4%EA%B8%B0?jk=f424a57a83e53831
Junior Open Source Intelligence Analyst,Barbaricum,경기도 평택,https://kr.indeed.com/%EC%B1%84%EC%9A%A9%EB%B3%B4%EA%B8%B0?jk=ef431e3d9b4f3f4c
Computational Linguist - AI (Natural Language Reasoning),MIND AI,서울,https://kr.indeed.com/%EC%B1%84%EC%9A%A9%EB%B3%B4%EA%B8%B0?jk=2bdd2465542edd04
2019 카카오 개발자 겨울 인턴십 ( 연계형),카카오페이,대한민국,https://kr.indeed.com/%EC%B1%84%EC%9A%A9%EB%B3%B4%EA%B8%B0?jk=7945a0d89423d660
"신입 개발자(Python, jsp) 채용",오픈이노베이션랩,대전 유성구,https://kr.indeed.com/%EC%B1%84%EC%9A%A9%EB%B3%B4%EA%B8%B0?jk=d3b7b8e80f0e9e8f
"DevOps Engineer JAVA, Python, Ruby, Node.js","15년 연혁의 시스템소프트웨어 개발,공급,홈페이지 구축,모바일컨텐츠서비스 개발 및 공급업체",서울 강남구,https://kr.indeed.com/%EC%B1%84%EC%9A%A9%EB%B3%B4%EA%B8%B0?jk=f856430ae22f90c1
Field Application Engineer (FAE),LUCID Vision Labs,대한민국,https://kr.indeed.com/%EC%B1%84%EC%9A%A9%EB%B3%B4%EA%B8%B0?jk=56b86f7a1dc1dfe7
AI Scientist - Symbolic AI (Natural Language Reasoning),MIND AI,서울,https://kr.indeed.com/%EC%B1%84%EC%9A%A9%EB%B3%B4%EA%B8%B0?jk=7b96b63ac704d98a
Senior Business Analysis (Strategic Planning),Coupang,서울,https://kr.indeed.com/%EC%B1%84%EC%9A%A9%EB%B3%B4%EA%B8%B0?jk=5f3b7800e776da58
Technical Writer,SendBird,서울,https://kr.indeed.com/%EC%B1%84%EC%9A%A9%EB%B3%B4%EA%B8%B0?jk=e5c63f4e86ceefda
Data Analyst,"Miso, Inc.",서울,https://kr.indeed.com/%EC%B1%84%EC%9A%A9%EB%B3%B4%EA%B8%B0?jk=c53eea74ccad7b07
WebRTC UC & Collaboration Developer,Ericsson,서울,https://kr.indeed.com/%EC%B1%84%EC%9A%A9%EB%B3%B4%EA%B8%B0?jk=404ca05b36be1e83
Data Analyst (FC & Transportation),Coupang,서울,https://kr.indeed.com/%EC%B1%84%EC%9A%A9%EB%B3%B4%EA%B8%B0?jk=872e4ef109d7872a
Data Scientist,Terra,서울,https://kr.indeed.com/%EC%B1%84%EC%9A%A9%EB%B3%B4%EA%B8%B0?jk=83883bfd1f662d69
자동화 기계관련 일을 함께할 인재,키친엑스,서울특별시,https://kr.indeed.com/%EC%B1%84%EC%9A%A9%EB%B3%B4%EA%B8%B0?jk=f43c4f4e6a9ba205
주니어 데이터 엔지니어 / Junior Data Engineer,Bagelcode,서울,https://kr.indeed.com/%EC%B1%84%EC%9A%A9%EB%B3%B4%EA%B8%B0?jk=65232d6e37b8f7fb
Data Scientist,Tapjoy,서울,https://kr.indeed.com/%EC%B1%84%EC%9A%A9%EB%B3%B4%EA%B8%B0?jk=980af03df0416292
R&D 연구원,스칼라웍스,서울 금천구,https://kr.indeed.com/%EC%B1%84%EC%9A%A9%EB%B3%B4%EA%B8%B0?jk=bffe75d1e38dbd6e
국내 리딩 SI 솔루션 기업 Data Scientist 포지션ASAP,국내 리딩 ISI 솔루션 기업,서울 강남구,https://kr.indeed.com/%EC%B1%84%EC%9A%A9%EB%B3%B4%EA%B8%B0?jk=86cda25730ac8b95
국내 리딩 SI 솔루션 기업 Data Scientist (제조)포지션ASAP,국내 리딩 SI솔루션 기업,서울 강남구,https://kr.indeed.com/%EC%B1%84%EC%9A%A9%EB%B3%B4%EA%B8%B0?jk=c71ce259812f9497
국내 메이저 SI기업 Data Scientist (제조) 포지션,국내 리딩 SI솔루션 기업,서울 송파구,https://kr.indeed.com/%EC%B1%84%EC%9A%A9%EB%B3%B4%EA%B8%B0?jk=0bbd3c4da4852f79
농업생명과학대학 농생명과학공동기기원 연구원,서울대학교,서울 관악구,https://kr.indeed.com/%EC%B1%84%EC%9A%A9%EB%B3%B4%EA%B8%B0?jk=ada0f99b0a5c3351
"Director, Business Analysis (Search and Discovery Analytics)",Coupang,서울,https://kr.indeed.com/%EC%B1%84%EC%9A%A9%EB%B3%B4%EA%B8%B0?jk=eee7b30e222484ca
() Automotive 반도체 연구 개발 및 지원(FAE) 업무 - 상시 중,넥스트칩,성남 분당구,https://kr.indeed.com/%EC%B1%84%EC%9A%A9%EB%B3%B4%EA%B8%B0?jk=b8e67dbfa474f096
"Principal, Business Analysis (Search and Discovery Analytics)",Coupang,서울,https://kr.indeed.com/%EC%B1%84%EC%9A%A9%EB%B3%B4%EA%B8%B0?jk=8d0b3a79363b5a69
기업부설 연구소장,(주)솔루게이트,서울 가산동,https://kr.indeed.com/%EC%B1%84%EC%9A%A9%EB%B3%B4%EA%B8%B0?jk=481ee3d91db4e00c
Analog 설계 Logic 설계 Firmware 개발,하드웨어 및 펌웨어 시스템 솔루션 설계 및 개발,수원 영통역,https://kr.indeed.com/%EC%B1%84%EC%9A%A9%EB%B3%B4%EA%B8%B0?jk=9593a9ff08a55829
시스템통합(SI),씨엔씨네트웍스,전라남도 나주,https://kr.indeed.com/%EC%B1%84%EC%9A%A9%EB%B3%B4%EA%B8%B0?jk=257a122f363fde12
CRM 분석,인코리아 프로페셔널(헤드헌팅),서울 강남구,https://kr.indeed.com/%EC%B1%84%EC%9A%A9%EB%B3%B4%EA%B8%B0?jk=0e493900639e80e7
Junior Quant Trader,Byzantine Partners,서울,https://kr.indeed.com/%EC%B1%84%EC%9A%A9%EB%B3%B4%EA%B8%B0?jk=c8933c2704ef3525
블록체인인터넷경제연구센터 위촉연구원,광주과학기술원,광주 북구,https://kr.indeed.com/%EC%B1%84%EC%9A%A9%EB%B3%B4%EA%B8%B0?jk=3e80435be74cd28f
인간중심 지능형 시스템 연구실 위촉연구원,광주과학기술원,광주 북구,https://kr.indeed.com/%EC%B1%84%EC%9A%A9%EB%B3%B4%EA%B8%B0?jk=2485e93043545d8a
"Director, Software Engineering (Coupang Eats)",Coupang,서울,https://kr.indeed.com/%EC%B1%84%EC%9A%A9%EB%B3%B4%EA%B8%B0?jk=a6a4b500fa0340d4
Front-End Design Back-End Design,반도체,성남 판교역,https://kr.indeed.com/%EC%B1%84%EC%9A%A9%EB%B3%B4%EA%B8%B0?jk=d409e77a32705a9a
"AWS 클라우드 기반 데이터 추출, 정제, 통계 분석, 기계 학습, AI, Reporting","15년 연혁의 시스템소프트웨어 개발,공급,홈페이지 구축,모바일컨텐츠서비스 개발 및 공급업체",서울 강남구,https://kr.indeed.com/%EC%B1%84%EC%9A%A9%EB%B3%B4%EA%B8%B0?jk=d7c92fe3cb2a25a7
의료 영상처리 엔지니어,인코리아 프로페셔널(헤드헌팅),서울 강남구,https://kr.indeed.com/%EC%B1%84%EC%9A%A9%EB%B3%B4%EA%B8%B0?jk=7e39ea40065ef05d
국내 CRM 분석,인코리아 프로페셔널(헤드헌팅),서울 강남구,https://kr.indeed.com/%EC%B1%84%EC%9A%A9%EB%B3%B4%EA%B8%B0?jk=51a0fd8b3f50c295
RF Layout engineer 5G NR Software Engineer,무선랜 와이브로칩 등 통신용반도체설계 및 전자부품 시스템 연구개발사업,서울 동작구,https://kr.indeed.com/%EC%B1%84%EC%9A%A9%EB%B3%B4%EA%B8%B0?jk=e81e92deba0f2c73
Developer Advocate,SendBird,서울,https://kr.indeed.com/%EC%B1%84%EC%9A%A9%EB%B3%B4%EA%B8%B0?jk=dc821489255954fd
주니어 데이터 사이언티스트 / Junior Data Scientist,Bagelcode,서울,https://kr.indeed.com/%EC%B1%84%EC%9A%A9%EB%B3%B4%EA%B8%B0?jk=81848f01b547f90b
Front end / Back end,코아시아세미,서울 송파구,https://kr.indeed.com/%EC%B1%84%EC%9A%A9%EB%B3%B4%EA%B8%B0?jk=eb39073f59f395b5
Researcher(AI/Deep Learning),Calm Island,서울,https://kr.indeed.com/%EC%B1%84%EC%9A%A9%EB%B3%B4%EA%B8%B0?jk=ba8773ea606ae9f3
"PMU, ADC, DAC IP가 적용된 IC제품) 유경험자",서울 강남 소재 반도체 팹리스,서울 강남구,https://kr.indeed.com/%EC%B1%84%EC%9A%A9%EB%B3%B4%EA%B8%B0?jk=f890dffe35824dd3
Core Researcher,Terra,서울,https://kr.indeed.com/%EC%B1%84%EC%9A%A9%EB%B3%B4%EA%B8%B0?jk=89a689a00d8170bc
"대기업(연구센터) Data Scientist 채용, 석사이상",대기업 (R&D 센터),서울,https://kr.indeed.com/%EC%B1%84%EC%9A%A9%EB%B3%B4%EA%B8%B0?jk=0fa40c1f36fac7ee
"Senior, Software Engineer (Search Quality Assurance)",Coupang,서울,https://kr.indeed.com/%EC%B1%84%EC%9A%A9%EB%B3%B4%EA%B8%B0?jk=7a08f5e589b10a00
"Director, Business Analysis (Search and Discovery Analytics)",Coupang,서울,https://kr.indeed.com/%EC%B1%84%EC%9A%A9%EB%B3%B4%EA%B8%B0?jk=eee7b30e222484ca
지스트 블록체인경제센터(강남소재) 계약직연구원,광주과학기술원,광주 북구,https://kr.indeed.com/%EC%B1%84%EC%9A%A9%EB%B3%B4%EA%B8%B0?jk=794e209e405f4fc0
시스템통합(SI),씨엔씨네트웍스,전라남도 나주,https://kr.indeed.com/%EC%B1%84%EC%9A%A9%EB%B3%B4%EA%B8%B0?jk=257a122f363fde12
자동화 기계관련 일을 함께할 인재,키친엑스,서울특별시,https://kr.indeed.com/%EC%B1%84%EC%9A%A9%EB%B3%B4%EA%B8%B0?jk=f43c4f4e6a9ba205
Front-End Design Back-End Design,반도체,성남 판교역,https://kr.indeed.com/%EC%B1%84%EC%9A%A9%EB%B3%B4%EA%B8%B0?jk=d409e77a32705a9a
SW개발자 (경력 3년이상),ATTO 리서치,성남 분당구,https://kr.indeed.com/%EC%B1%84%EC%9A%A9%EB%B3%B4%EA%B8%B0?jk=d1eed5e5d7f031d7
"PMU, ADC, DAC IP가 적용된 IC제품) 유경험자",서울 강남 소재 반도체 팹리스,서울 강남구,https://kr.indeed.com/%EC%B1%84%EC%9A%A9%EB%B3%B4%EA%B8%B0?jk=f890dffe35824dd3
Junior Full-Stack Developer,Asiance,서울,https://kr.indeed.com/%EC%B1%84%EC%9A%A9%EB%B3%B4%EA%B8%B0?jk=7268328c0d71d81c
[기간제근로자] 바이오및뇌공학과 시너지 바이오정보학 연구실 [위촉연구원] 기간제근로자,카이스트,대전 유성구,https://kr.indeed.com/%EC%B1%84%EC%9A%A9%EB%B3%B4%EA%B8%B0?jk=897128517c7885aa
Customer Facing Data Scientist,Ever Better Recruitment (EBR),서울,https://kr.indeed.com/%EC%B1%84%EC%9A%A9%EB%B3%B4%EA%B8%B0?jk=b06176c3a7092e0a
Analog 설계 Logic 설계 Firmware 개발,하드웨어 및 펌웨어 시스템 솔루션 설계 및 개발,수원 영통역,https://kr.indeed.com/%EC%B1%84%EC%9A%A9%EB%B3%B4%EA%B8%B0?jk=9593a9ff08a55829
NGS 시퀀싱 빅데이터 AI 분석 신약센터 연구원 신약센터 PM,"체외진단기기 개발, 분석시스템",서울 상암동,https://kr.indeed.com/%EC%B1%84%EC%9A%A9%EB%B3%B4%EA%B8%B0?jk=0045540e3863ded2
개발팀장 (의료영상 기반 상용 SW),애니메디솔루션 주식회사,서울 송파구,https://kr.indeed.com/%EC%B1%84%EC%9A%A9%EB%B3%B4%EA%B8%B0?jk=87668d9fb1dbcb2e
CATIA Automation 개발자 정규직,케이이노텍,서울특별시,https://kr.indeed.com/%EC%B1%84%EC%9A%A9%EB%B3%B4%EA%B8%B0?jk=64daf0c3d957e705
Data Analyst,"Miso, Inc.",서울,https://kr.indeed.com/%EC%B1%84%EC%9A%A9%EB%B3%B4%EA%B8%B0?jk=c53eea74ccad7b07
"DevOps Engineer JAVA, Python, Ruby, Node.js","15년 연혁의 시스템소프트웨어 개발,공급,홈페이지 구축,모바일컨텐츠서비스 개발 및 공급업체",서울 강남구,https://kr.indeed.com/%EC%B1%84%EC%9A%A9%EB%B3%B4%EA%B8%B0?jk=f856430ae22f90c1
국내 CRM 분석,인코리아 프로페셔널(헤드헌팅),서울 강남구,https://kr.indeed.com/%EC%B1%84%EC%9A%A9%EB%B3%B4%EA%B8%B0?jk=51a0fd8b3f50c295
Cloud Security Engineer,SendBird,서울,https://kr.indeed.com/%EC%B1%84%EC%9A%A9%EB%B3%B4%EA%B8%B0?jk=9a44a1a18ab4635c
Principal Business Analysis (Growth Marketing Analytics),Coupang,서울,https://kr.indeed.com/%EC%B1%84%EC%9A%A9%EB%B3%B4%EA%B8%B0?jk=2b8a63d6cc91a04c
"AWS 클라우드 기반 데이터 추출, 정제, 통계 분석, 기계 학습, AI, Reporting","15년 연혁의 시스템소프트웨어 개발,공급,홈페이지 구축,모바일컨텐츠서비스 개발 및 공급업체",서울 강남구,https://kr.indeed.com/%EC%B1%84%EC%9A%A9%EB%B3%B4%EA%B8%B0?jk=d7c92fe3cb2a25a7
SDDC 클라우드 인프라 엔지니어 (네트워크 5년 이상),"15년 연혁의 시스템소프트웨어 개발,공급,홈페이지 구축,모바일컨텐츠서비스 개발 및 공급업체",서울 강남구,https://kr.indeed.com/%EC%B1%84%EC%9A%A9%EB%B3%B4%EA%B8%B0?jk=7b961ed31add4f36
"SDDC 클라우드 인프라 엔지니어 (서버 가상화, 스토리지 5년 이상)","15년 연혁의 시스템소프트웨어 개발,공급,홈페이지 구축,모바일컨텐츠서비스 개발 및 공급업체",서울 강남구,https://kr.indeed.com/%EC%B1%84%EC%9A%A9%EB%B3%B4%EA%B8%B0?jk=4a0e20ef2e29feeb
반도체 PI(Frontend) PD(Backend),대기업과 합작한 유망한 외국계 반도체 벤처기업,서울 강남구,https://kr.indeed.com/%EC%B1%84%EC%9A%A9%EB%B3%B4%EA%B8%B0?jk=973aa090ad5dc143
서버 개발 백엔드 교육 강사,패스트캠퍼스(Fastcampus),서울 성동구,https://kr.indeed.com/%EC%B1%84%EC%9A%A9%EB%B3%B4%EA%B8%B0?jk=14d92cf867237189
RF Layout engineer 5G NR Software Engineer,무선랜 와이브로칩 등 통신용반도체설계 및 전자부품 시스템 연구개발사업,서울 동작구,https://kr.indeed.com/%EC%B1%84%EC%9A%A9%EB%B3%B4%EA%B8%B0?jk=e81e92deba0f2c73
외국계 반도체 Verification Engineer,규모가 큰 외국계 반도체 Design House,성남 분당구,https://kr.indeed.com/%EC%B1%84%EC%9A%A9%EB%B3%B4%EA%B8%B0?jk=a8dad71cfd67845d
ASIC 프론트엔드 및 백엔드 Engineer,15년 이상 연혁의 1000억 이상 매출,성남 분당구,https://kr.indeed.com/%EC%B1%84%EC%9A%A9%EB%B3%B4%EA%B8%B0?jk=9c3f4a39c916497c
[Peertec] Back-end Developer,Peer,서울 강남구,https://kr.indeed.com/%EC%B1%84%EC%9A%A9%EB%B3%B4%EA%B8%B0?jk=03ed1748f4bfc686
"Principal, Data Engineer (EDW Data Processing)",Coupang,서울,https://kr.indeed.com/%EC%B1%84%EC%9A%A9%EB%B3%B4%EA%B8%B0?jk=f79f6cd3e91fcc1a
반도체 frontend engineer,반도체,서울 동작구,https://kr.indeed.com/%EC%B1%84%EC%9A%A9%EB%B3%B4%EA%B8%B0?jk=a0a9534f0fd9e72c
[대기업] 빅데이터 분석기술 개발,에이치알 컨설팅,대한민국,https://kr.indeed.com/%EC%B1%84%EC%9A%A9%EB%B3%B4%EA%B8%B0?jk=099a40b7f0c5c683
Senior Software Engineer - Mobile App,ODK Media Inc,서울 강남구,https://kr.indeed.com/%EC%B1%84%EC%9A%A9%EB%B3%B4%EA%B8%B0?jk=42cbe47d02dd0012
Database Engineer (Storage Platform),Coupang,서울,https://kr.indeed.com/%EC%B1%84%EC%9A%A9%EB%B3%B4%EA%B8%B0?jk=94f2bbbeb53f3458
Digital Logic Design Engineer 및 SoC 설계 엔지니어,무선랜 와이브로칩 등 통신용반도체설계 및 전자부품 시스템 연구개발사업,서울 동작구,https://kr.indeed.com/%EC%B1%84%EC%9A%A9%EB%B3%B4%EA%B8%B0?jk=3fc79f0f6bbc3694
서버 개발자,유명메신저회사,서울 강남구,https://kr.indeed.com/%EC%B1%84%EC%9A%A9%EB%B3%B4%EA%B8%B0?jk=4504dad34421e282
Back-end Engineer,Terra,서울,https://kr.indeed.com/%EC%B1%84%EC%9A%A9%EB%B3%B4%EA%B8%B0?jk=f915f667e4052f91
대기업연구센터 인공지능 ( 음성인식 ) 기술개발,대기업 (R&D 센터),서울,https://kr.indeed.com/%EC%B1%84%EC%9A%A9%EB%B3%B4%EA%B8%B0?jk=2a18d426be8b146a
"대기업(연구센터) Data Scientist 채용, 석사이상",대기업 (R&D 센터),서울,https://kr.indeed.com/%EC%B1%84%EC%9A%A9%EB%B3%B4%EA%B8%B0?jk=0fa40c1f36fac7ee
[IDC 기업] 리눅스 엔지니어,에이치알 컨설팅,대한민국,https://kr.indeed.com/%EC%B1%84%EC%9A%A9%EB%B3%B4%EA%B8%B0?jk=05394d3059136a32
대기업 연구센터 Data Scientist 파트장 채용 (석박사 연구원),대기업 (R&D 센터),서울,https://kr.indeed.com/%EC%B1%84%EC%9A%A9%EB%B3%B4%EA%B8%B0?jk=b8fdcbba132d7e1f
해외 근무가능한 PIE( Process Integration Engineering) 엔지니어,"해외있는 S,H사 같은 규모큰 반도체 Chip Maker 회사",성남 판교역,https://kr.indeed.com/%EC%B1%84%EC%9A%A9%EB%B3%B4%EA%B8%B0?jk=cb0bde3d5f4654b8
대기업연구센터 자연어처리 / 텍스트마이닝 / 대화관리,대기업 (R&D 센터),서울,https://kr.indeed.com/%EC%B1%84%EC%9A%A9%EB%B3%B4%EA%B8%B0?jk=09099655f9f8ee23
"[데이터 사이언티스트] 이미지 처리 기반 (R, Python, C++)",세계에서 가장 빠른 슈퍼박테리아 검사기술기업,서울 가산동,https://kr.indeed.com/%EC%B1%84%EC%9A%A9%EB%B3%B4%EA%B8%B0?jk=3593997b29d7bc8a
"AWS 클라우드 기반 Data Lake, Big Data, DW, AI, Analytics, CRM 관련 사업 데이터 모델","15년 연혁의 시스템소프트웨어 개발,공급,홈페이지 구축,모바일컨텐츠서비스 개발 및 공급업체",서울 강남구,https://kr.indeed.com/%EC%B1%84%EC%9A%A9%EB%B3%B4%EA%B8%B0?jk=5933a93e649b6a49
Infrastructure (DevOps) Engineer,SendBird,서울,https://kr.indeed.com/%EC%B1%84%EC%9A%A9%EB%B3%B4%EA%B8%B0?jk=4639db660bb6e345
VP of Engineering,"Miso, Inc.",서울,https://kr.indeed.com/%EC%B1%84%EC%9A%A9%EB%B3%B4%EA%B8%B0?jk=9fbc5b419b297dee
저축은행 소비자금융 Data Science,국내자본 저축은행,서울 구로구,https://kr.indeed.com/%EC%B1%84%EC%9A%A9%EB%B3%B4%EA%B8%B0?jk=9cd311595b3e4bea
Data Scientist,해외송금 전문업체,서울 강남구,https://kr.indeed.com/%EC%B1%84%EC%9A%A9%EB%B3%B4%EA%B8%B0?jk=485b1cd148dc524a
Sr. Back-end Engineer (Query Understanding),Coupang,서울,https://kr.indeed.com/%EC%B1%84%EC%9A%A9%EB%B3%B4%EA%B8%B0?jk=0df2999925f12355
[금융지주 계열사] AI개발 / Data Scientist,에이치알 컨설팅,대한민국,https://kr.indeed.com/%EC%B1%84%EC%9A%A9%EB%B3%B4%EA%B8%B0?jk=c549292aede07d52
Senior Back-end Developer,Asiance,서울,https://kr.indeed.com/%EC%B1%84%EC%9A%A9%EB%B3%B4%EA%B8%B0?jk=27352452ed0a0ea9
"[대기업] 인사팀 (조직문화, 통계분석)",에이치알 컨설팅,대한민국,https://kr.indeed.com/%EC%B1%84%EC%9A%A9%EB%B3%B4%EA%B8%B0?jk=8933ec4536215c49
[금융지주 계열사] 빅데이터 엔지니어,에이치알 컨설팅,대한민국,https://kr.indeed.com/%EC%B1%84%EC%9A%A9%EB%B3%B4%EA%B8%B0?jk=ead7fe51057b0d16
"Principal, Business Analysis (Coupang Eats)",Coupang,서울,https://kr.indeed.com/%EC%B1%84%EC%9A%A9%EB%B3%B4%EA%B8%B0?jk=2cca42ee0951d4be
"대기업 (연구센터) NLP 경력자, 석사이상",대기업 (R&D 센터),서울,https://kr.indeed.com/%EC%B1%84%EC%9A%A9%EB%B3%B4%EA%B8%B0?jk=3de3529ea039429c
Front-end Developer,"Miso, Inc.",서울,https://kr.indeed.com/%EC%B1%84%EC%9A%A9%EB%B3%B4%EA%B8%B0?jk=fd0a27a242aeacc8
"Senior, Software Engineer (Recommendations)",Coupang,서울,https://kr.indeed.com/%EC%B1%84%EC%9A%A9%EB%B3%B4%EA%B8%B0?jk=90d6728c4bee5b37
[IDC 기업] OpenStack 엔지니어,에이치알 컨설팅,성남 분당구,https://kr.indeed.com/%EC%B1%84%EC%9A%A9%EB%B3%B4%EA%B8%B0?jk=94e0da435add40a4
저축은행 소비자금융 Data Science 팀,국내자본 저축은행,서울 구로구,https://kr.indeed.com/%EC%B1%84%EC%9A%A9%EB%B3%B4%EA%B8%B0?jk=cdf617324298bb9d
디지털LAB 신기술파트,국내자본 저축은행,서울 구로구,https://kr.indeed.com/%EC%B1%84%EC%9A%A9%EB%B3%B4%EA%B8%B0?jk=d24428ed26f0b058
Senior Full-Stack Developer,Asiance,서울,https://kr.indeed.com/%EC%B1%84%EC%9A%A9%EB%B3%B4%EA%B8%B0?jk=dcbce45dbe2d3679
[IDC 기업] API 개발자,에이치알 컨설팅,성남 분당구,https://kr.indeed.com/%EC%B1%84%EC%9A%A9%EB%B3%B4%EA%B8%B0?jk=8e432471acbf1c01
Senior Business Analyst (CRM),Coupang,서울,https://kr.indeed.com/%EC%B1%84%EC%9A%A9%EB%B3%B4%EA%B8%B0?jk=412f4f5e8d0ee9c5
Full Stack Developer,"Miso, Inc.",서울,https://kr.indeed.com/%EC%B1%84%EC%9A%A9%EB%B3%B4%EA%B8%B0?jk=637551fc453b49fc
"로봇관련, R&D_로봇 Skill 개발",4차산업 공장 자동화 기기 및 소프트웨어,경기도 수원,https://kr.indeed.com/%EC%B1%84%EC%9A%A9%EB%B3%B4%EA%B8%B0?jk=50d0ae3f24a94532
저축은행 디지털 LAB,국내자본 저축은행,서울 구로구,https://kr.indeed.com/%EC%B1%84%EC%9A%A9%EB%B3%B4%EA%B8%B0?jk=a58b91ab3d74f02d
[대기업] 딥러닝/영상처리,에이치알 컨설팅,대한민국,https://kr.indeed.com/%EC%B1%84%EC%9A%A9%EB%B3%B4%EA%B8%B0?jk=9f77af47cf31ddfa
Back-end Web Engineer,Success Korea,서울 서초구,https://kr.indeed.com/%EC%B1%84%EC%9A%A9%EB%B3%B4%EA%B8%B0?jk=89067ba5fc5296c0
10대그룹IT계열사 IT포지션 중,에이치알 컨설팅,서울 종로구,https://kr.indeed.com/%EC%B1%84%EC%9A%A9%EB%B3%B4%EA%B8%B0?jk=2d8d7f86379461fd
Application Architect는 기업 IT인프라에 WEB/WAS 및 Application에 대한 Config 및 파라미터 튜닝,"15년 연혁의 시스템소프트웨어 개발,공급,홈페이지 구축,모바일컨텐츠서비스 개발 및 공급업체",서울 강남구,https://kr.indeed.com/%EC%B1%84%EC%9A%A9%EB%B3%B4%EA%B8%B0?jk=67aeadb8192fa39f
저축은행 앱마케팅팀 데이터분석,국내자본 저축은행,서울 구로구,https://kr.indeed.com/%EC%B1%84%EC%9A%A9%EB%B3%B4%EA%B8%B0?jk=0ab285258b1cb206
React Native Developer,"Miso, Inc.",서울,https://kr.indeed.com/%EC%B1%84%EC%9A%A9%EB%B3%B4%EA%B8%B0?jk=8ec0a3e170984eb3
저축은행 소비자금융본부 Data Science 팀,국내자본 저축은행,서울 구로구,https://kr.indeed.com/%EC%B1%84%EC%9A%A9%EB%B3%B4%EA%B8%B0?jk=7376f377161ea4f2
데이터 분석가 / Business Analyst,Bagelcode,서울,https://kr.indeed.com/%EC%B1%84%EC%9A%A9%EB%B3%B4%EA%B8%B0?jk=f10477b81840d778
Back-end Developer,"Miso, Inc.",서울,https://kr.indeed.com/%EC%B1%84%EC%9A%A9%EB%B3%B4%EA%B8%B0?jk=4331794af8a7b9c5
저축은행 다이랙트마케팅팀 데이터분석,국내자본 저축은행,서울 구로구,https://kr.indeed.com/%EC%B1%84%EC%9A%A9%EB%B3%B4%EA%B8%B0?jk=79da9b878d3d8709
"Senior, Software Engineer (Search Quality Assurance)",Coupang,서울,https://kr.indeed.com/%EC%B1%84%EC%9A%A9%EB%B3%B4%EA%B8%B0?jk=7a08f5e589b10a00
Data Scientist (사원~차장급),에이치알 컨설팅,서울 강남역,https://kr.indeed.com/%EC%B1%84%EC%9A%A9%EB%B3%B4%EA%B8%B0?jk=c57925000772d546
Fullstack SW개발자,신재생에너지 분야 솔루션기업,성남 판교역,https://kr.indeed.com/%EC%B1%84%EC%9A%A9%EB%B3%B4%EA%B8%B0?jk=a2089ff8a19a429f
시스템 프로그래머,에너지 거래소 및 에너지데이터 중개,서울,https://kr.indeed.com/%EC%B1%84%EC%9A%A9%EB%B3%B4%EA%B8%B0?jk=33fbfcd01ae23602
"Cloud DBA RDBMS(Oracle, Mysql, Postgresql, MS-SQL 등) 관리 및 운영","15년 연혁의 시스템소프트웨어 개발,공급,홈페이지 구축,모바일컨텐츠서비스 개발 및 공급업체",서울 강남구,https://kr.indeed.com/%EC%B1%84%EC%9A%A9%EB%B3%B4%EA%B8%B0?jk=e2aaedce173f1b06
저축은행 디지털뱅킹팀 데이터분석,국내자본 저축은행,서울 구로구,https://kr.indeed.com/%EC%B1%84%EC%9A%A9%EB%B3%B4%EA%B8%B0?jk=51dcabafcf7a0bb0
Data Scientist,에너지 거래소 및 에너지데이터 중개,서울,https://kr.indeed.com/%EC%B1%84%EC%9A%A9%EB%B3%B4%EA%B8%B0?jk=1622a08497f8c091
Senior Business Analyst (Retail Program Management),Coupang,서울,https://kr.indeed.com/%EC%B1%84%EC%9A%A9%EB%B3%B4%EA%B8%B0?jk=7772fd53bc80acde
ICT 서비스본부 디지털LAB,국내자본 저축은행,서울 구로구,https://kr.indeed.com/%EC%B1%84%EC%9A%A9%EB%B3%B4%EA%B8%B0?jk=5d6f265e064496e0
저축은행 앱마케팅팀,국내자본 저축은행,서울 구로구,https://kr.indeed.com/%EC%B1%84%EC%9A%A9%EB%B3%B4%EA%B8%B0?jk=35cefd4d91c7b366
Operations Associate (운영팀원) - 한국,Beam,서울,https://kr.indeed.com/%EC%B1%84%EC%9A%A9%EB%B3%B4%EA%B8%B0?jk=e58c6fe6fd87f03e
클라우드 인프라 엔지니어,에이치알 컨설팅,서울 신대방동,https://kr.indeed.com/%EC%B1%84%EC%9A%A9%EB%B3%B4%EA%B8%B0?jk=398910d911cb1d8f
저축은행 디지털뱅킹팀 데이터분석 경력,국내자본 저축은행,서울 구로구,https://kr.indeed.com/%EC%B1%84%EC%9A%A9%EB%B3%B4%EA%B8%B0?jk=53ced11b1e0addce
"Cloud기반의 인프라 운용 및 OS(Linux, Windows)/application 의 운용이 가능한 인원 또는 교육 이수자","15년 연혁의 시스템소프트웨어 개발,공급,홈페이지 구축,모바일컨텐츠서비스 개발 및 공급업체",서울 강남구,https://kr.indeed.com/%EC%B1%84%EC%9A%A9%EB%B3%B4%EA%B8%B0?jk=cb5de3f9d0a98a7c
디지털마케팅본부 수신상품 기획 및 전략수립 경력자,국내자본 저축은행,서울,https://kr.indeed.com/%EC%B1%84%EC%9A%A9%EB%B3%B4%EA%B8%B0?jk=509e7ab10e54f962
Operations Manager (운영팀장) - 한국,Beam,서울,https://kr.indeed.com/%EC%B1%84%EC%9A%A9%EB%B3%B4%EA%B8%B0?jk=43bf0c7e2b10e9b5
운영(Business Operation Management) 경력자,유명메신저회사,서울 성동구,https://kr.indeed.com/%EC%B1%84%EC%9A%A9%EB%B3%B4%EA%B8%B0?jk=caccb1d9be6bc918
